{"id":"277e92f6-a30f-4a55-9dc7-dceca9403b3f","projectId":"64c747e5-7c16-4e5a-a2a9-e8822428263e","descriptionId":"siriusComponents://representationDescription?kind=diagramDescription&sourceKind=view&sourceId=papyrus-web-Profile%20Diagram&sourceElementId=papyrus-web-Profile%20Diagram#//@descriptions.0","targetObjectId":"5b499ff5-f11d-4aab-a5b0-3ca62cda024e","label":"IoMT Assets Profile","kind":"siriusComponents://representation?type=Diagram","representation":{"id":"277e92f6-a30f-4a55-9dc7-dceca9403b3f","kind":"siriusComponents://representation?type=Diagram","targetObjectId":"5b499ff5-f11d-4aab-a5b0-3ca62cda024e","descriptionId":"siriusComponents://representationDescription?kind=diagramDescription&sourceKind=view&sourceId=papyrus-web-Profile%20Diagram&sourceElementId=papyrus-web-Profile%20Diagram#//@descriptions.0","label":"IoMT Assets Profile","position":{"x":0.0,"y":0.0},"size":{"width":1289.851550970111,"height":950.9428012448896},"nodes":[{"id":"178e5963-eddf-307b-a29f-047ab432e61e","type":"node:rectangle","targetObjectId":"fea4d320-66f0-4d40-b0ba-caa1d1d8b7fe","targetObjectKind":"siriusComponents://semantic?domain=uml&entity=Enumeration","targetObjectLabel":"ServiceKind","descriptionId":"siriusComponents://nodeDescription?sourceKind=view&sourceId=papyrus-web-Profile%20Diagram&sourceElementId=papyrus-web-Profile%20Diagram#//@descriptions.0/@nodeDescriptions.4","borderNode":false,"modifiers":[],"state":"Normal","collapsingState":"EXPANDED","insideLabel":{"id":"214722e2-9882-3ecc-add9-0d8d15827c07","type":"label:inside-center","text":"«enumeration»\nServiceKind","insideLabelLocation":"TOP_CENTER","position":{"x":47.0888671875,"y":5.0},"size":{"width":126.8935546875,"height":32.59375},"alignment":{"x":20.0,"y":12.9951171875},"style":{"color":"#0b006b","fontSize":14,"bold":false,"italic":false,"underline":false,"strikeThrough":false,"iconURL":["/icons-override/full/obj16/Enumeration.svg"]},"isHeader":true,"displayHeaderSeparator":true},"outsideLabels":[],"style":{"color":"#fefefe","borderColor":"#0b006b","borderSize":1,"borderRadius":0,"borderStyle":"Solid"},"childrenLayoutStrategy":{"areChildNodesDraggable":false,"kind":"List"},"position":{"x":236.99999999999983,"y":311.49999999999994},"size":{"width":221.0712890625,"height":298.046875},"userResizable":true,"borderNodes":[],"childNodes":[{"id":"6ccfc27f-7e7b-3f37-ac54-9149c428015a","type":"node:rectangle","targetObjectId":"fea4d320-66f0-4d40-b0ba-caa1d1d8b7fe","targetObjectKind":"siriusComponents://semantic?domain=uml&entity=Enumeration","targetObjectLabel":"ServiceKind","descriptionId":"siriusComponents://nodeDescription?sourceKind=view&sourceId=papyrus-web-Profile%20Diagram&sourceElementId=papyrus-web-Profile%20Diagram#//@descriptions.0/@nodeDescriptions.10/@childrenDescriptions.12","borderNode":false,"modifiers":[],"state":"Normal","collapsingState":"EXPANDED","insideLabel":{"id":"b6f6c5db-b9cc-3837-a978-2762f7bff90f","type":"label:inside-v_top-h_center","text":"","insideLabelLocation":"TOP_CENTER","position":{"x":5.0,"y":5.0},"size":{"width":0.0,"height":0.0},"alignment":{"x":0.0,"y":0.0},"style":{"color":"#0b006b","fontSize":14,"bold":false,"italic":false,"underline":false,"strikeThrough":false,"iconURL":[]},"isHeader":false,"displayHeaderSeparator":false},"outsideLabels":[],"style":{"color":"#fefefe","borderColor":"#0b006b","borderSize":1,"borderRadius":0,"borderStyle":"Solid"},"childrenLayoutStrategy":{"areChildNodesDraggable":true,"kind":"List"},"position":{"x":0.0,"y":48.59375},"size":{"width":221.0712890625,"height":249.453125},"userResizable":true,"borderNodes":[],"childNodes":[{"id":"d0f4d2bb-5390-382e-9f08-3ed05bc69b8c","type":"node:icon-label","targetObjectId":"5d219142-54a0-4df0-802e-6ff261f7db6e","targetObjectKind":"siriusComponents://semantic?domain=uml&entity=EnumerationLiteral","targetObjectLabel":"RemotePatientMonitoring","descriptionId":"siriusComponents://nodeDescription?sourceKind=view&sourceId=papyrus-web-Profile%20Diagram&sourceElementId=papyrus-web-Profile%20Diagram#//@descriptions.0/@nodeDescriptions.10/@childrenDescriptions.12/@childrenDescriptions.0","borderNode":false,"modifiers":[],"state":"Normal","collapsingState":"EXPANDED","insideLabel":{"id":"24a220e8-ea5f-3aa6-b3b6-935cb4bfca1f","type":"label:inside-center","text":"RemotePatientMonitoring","insideLabelLocation":"TOP_CENTER","position":{"x":5.0,"y":0.0},"size":{"width":198.8896484375,"height":16.296875},"alignment":{"x":20.0,"y":12.9951171875},"style":{"color":"#0b006b","fontSize":14,"bold":false,"italic":false,"underline":false,"strikeThrough":false,"iconURL":["/icons-override/full/obj16/EnumerationLiteral.svg"]},"isHeader":false,"displayHeaderSeparator":false},"outsideLabels":[],"style":{"backgroundColor":"transparent"},"childrenLayoutStrategy":{"areChildNodesDraggable":true,"kind":"List"},"position":{"x":0.0,"y":5.0},"size":{"width":221.0712890625,"height":16.296875},"userResizable":true,"borderNodes":[],"childNodes":[],"customizedProperties":[],"defaultWidth":null,"defaultHeight":null,"labelEditable":true,"pinned":false},{"id":"907e03df-54eb-3bfd-afed-57cff854bbd2","type":"node:icon-label","targetObjectId":"455bc16a-ae72-4bdd-9437-57e1465ed655","targetObjectKind":"siriusComponents://semantic?domain=uml&entity=EnumerationLiteral","targetObjectLabel":"InfusionPump","descriptionId":"siriusComponents://nodeDescription?sourceKind=view&sourceId=papyrus-web-Profile%20Diagram&sourceElementId=papyrus-web-Profile%20Diagram#//@descriptions.0/@nodeDescriptions.10/@childrenDescriptions.12/@childrenDescriptions.0","borderNode":false,"modifiers":[],"state":"Normal","collapsingState":"EXPANDED","insideLabel":{"id":"c1ce8e39-1b92-34f6-b36b-99bbf1b0d5c3","type":"label:inside-center","text":"InfusionPump","insideLabelLocation":"TOP_CENTER","position":{"x":5.0,"y":0.0},"size":{"width":115.265625,"height":16.296875},"alignment":{"x":20.0,"y":12.9951171875},"style":{"color":"#0b006b","fontSize":14,"bold":false,"italic":false,"underline":false,"strikeThrough":false,"iconURL":["/icons-override/full/obj16/EnumerationLiteral.svg"]},"isHeader":false,"displayHeaderSeparator":false},"outsideLabels":[],"style":{"backgroundColor":"transparent"},"childrenLayoutStrategy":{"areChildNodesDraggable":true,"kind":"List"},"position":{"x":0.0,"y":21.296875},"size":{"width":221.0712890625,"height":16.296875},"userResizable":true,"borderNodes":[],"childNodes":[],"customizedProperties":[],"defaultWidth":null,"defaultHeight":null,"labelEditable":true,"pinned":false},{"id":"11a4a92b-9ce8-364e-962c-328ee9a63b6b","type":"node:icon-label","targetObjectId":"150b4b43-2ae7-499d-a4ce-f66b8239d925","targetObjectKind":"siriusComponents://semantic?domain=uml&entity=EnumerationLiteral","targetObjectLabel":"StressMonitoring","descriptionId":"siriusComponents://nodeDescription?sourceKind=view&sourceId=papyrus-web-Profile%20Diagram&sourceElementId=papyrus-web-Profile%20Diagram#//@descriptions.0/@nodeDescriptions.10/@childrenDescriptions.12/@childrenDescriptions.0","borderNode":false,"modifiers":[],"state":"Normal","collapsingState":"EXPANDED","insideLabel":{"id":"f14584c6-c007-30d6-a389-53662b61d213","type":"label:inside-center","text":"StressMonitoring","insideLabelLocation":"TOP_CENTER","position":{"x":5.0,"y":0.0},"size":{"width":138.2001953125,"height":16.296875},"alignment":{"x":20.0,"y":12.9951171875},"style":{"color":"#0b006b","fontSize":14,"bold":false,"italic":false,"underline":false,"strikeThrough":false,"iconURL":["/icons-override/full/obj16/EnumerationLiteral.svg"]},"isHeader":false,"displayHeaderSeparator":false},"outsideLabels":[],"style":{"backgroundColor":"transparent"},"childrenLayoutStrategy":{"areChildNodesDraggable":true,"kind":"List"},"position":{"x":0.0,"y":37.59375},"size":{"width":221.0712890625,"height":16.296875},"userResizable":true,"borderNodes":[],"childNodes":[],"customizedProperties":[],"defaultWidth":null,"defaultHeight":null,"labelEditable":true,"pinned":false},{"id":"635bf73d-27f7-3a09-b914-418cf04cca28","type":"node:icon-label","targetObjectId":"a34ea2d4-3c77-4c71-ada2-1f215444f17b","targetObjectKind":"siriusComponents://semantic?domain=uml&entity=EnumerationLiteral","targetObjectLabel":"OxigenLevelMonitoring","descriptionId":"siriusComponents://nodeDescription?sourceKind=view&sourceId=papyrus-web-Profile%20Diagram&sourceElementId=papyrus-web-Profile%20Diagram#//@descriptions.0/@nodeDescriptions.10/@childrenDescriptions.12/@childrenDescriptions.0","borderNode":false,"modifiers":[],"state":"Normal","collapsingState":"EXPANDED","insideLabel":{"id":"424f4d8f-7c34-3210-867f-ce8d00cf9b0d","type":"label:inside-center","text":"OxigenLevelMonitoring","insideLabelLocation":"TOP_CENTER","position":{"x":5.0,"y":0.0},"size":{"width":181.6357421875,"height":16.296875},"alignment":{"x":20.0,"y":12.9951171875},"style":{"color":"#0b006b","fontSize":14,"bold":false,"italic":false,"underline":false,"strikeThrough":false,"iconURL":["/icons-override/full/obj16/EnumerationLiteral.svg"]},"isHeader":false,"displayHeaderSeparator":false},"outsideLabels":[],"style":{"backgroundColor":"transparent"},"childrenLayoutStrategy":{"areChildNodesDraggable":true,"kind":"List"},"position":{"x":0.0,"y":53.890625},"size":{"width":221.0712890625,"height":16.296875},"userResizable":true,"borderNodes":[],"childNodes":[],"customizedProperties":[],"defaultWidth":null,"defaultHeight":null,"labelEditable":true,"pinned":false},{"id":"9110b419-f7f2-301b-a60a-16fda8269569","type":"node:icon-label","targetObjectId":"cd03b151-96c4-4d47-b0ca-1c887a40bda8","targetObjectKind":"siriusComponents://semantic?domain=uml&entity=EnumerationLiteral","targetObjectLabel":"HeartRateMonitoring","descriptionId":"siriusComponents://nodeDescription?sourceKind=view&sourceId=papyrus-web-Profile%20Diagram&sourceElementId=papyrus-web-Profile%20Diagram#//@descriptions.0/@nodeDescriptions.10/@childrenDescriptions.12/@childrenDescriptions.0","borderNode":false,"modifiers":[],"state":"Normal","collapsingState":"EXPANDED","insideLabel":{"id":"1831b38b-f3b2-396c-a408-099562849ccf","type":"label:inside-center","text":"HeartRateMonitoring","insideLabelLocation":"TOP_CENTER","position":{"x":5.0,"y":0.0},"size":{"width":166.2412109375,"height":16.296875},"alignment":{"x":20.0,"y":12.9951171875},"style":{"color":"#0b006b","fontSize":14,"bold":false,"italic":false,"underline":false,"strikeThrough":false,"iconURL":["/icons-override/full/obj16/EnumerationLiteral.svg"]},"isHeader":false,"displayHeaderSeparator":false},"outsideLabels":[],"style":{"backgroundColor":"transparent"},"childrenLayoutStrategy":{"areChildNodesDraggable":true,"kind":"List"},"position":{"x":0.0,"y":70.1875},"size":{"width":221.0712890625,"height":16.296875},"userResizable":true,"borderNodes":[],"childNodes":[],"customizedProperties":[],"defaultWidth":null,"defaultHeight":null,"labelEditable":true,"pinned":false},{"id":"73ca19ce-709e-386b-8d8a-d4ed0c755af8","type":"node:icon-label","targetObjectId":"e9505fd3-6651-422f-a57a-61cb5308e48e","targetObjectKind":"siriusComponents://semantic?domain=uml&entity=EnumerationLiteral","targetObjectLabel":"GlucoseMonitoring","descriptionId":"siriusComponents://nodeDescription?sourceKind=view&sourceId=papyrus-web-Profile%20Diagram&sourceElementId=papyrus-web-Profile%20Diagram#//@descriptions.0/@nodeDescriptions.10/@childrenDescriptions.12/@childrenDescriptions.0","borderNode":false,"modifiers":[],"state":"Normal","collapsingState":"EXPANDED","insideLabel":{"id":"fad14b7c-b04a-3cf7-aaab-b53e8822b35e","type":"label:inside-center","text":"GlucoseMonitoring","insideLabelLocation":"TOP_CENTER","position":{"x":5.0,"y":0.0},"size":{"width":150.6484375,"height":16.296875},"alignment":{"x":20.0,"y":12.9951171875},"style":{"color":"#0b006b","fontSize":14,"bold":false,"italic":false,"underline":false,"strikeThrough":false,"iconURL":["/icons-override/full/obj16/EnumerationLiteral.svg"]},"isHeader":false,"displayHeaderSeparator":false},"outsideLabels":[],"style":{"backgroundColor":"transparent"},"childrenLayoutStrategy":{"areChildNodesDraggable":true,"kind":"List"},"position":{"x":0.0,"y":86.484375},"size":{"width":221.0712890625,"height":16.296875},"userResizable":true,"borderNodes":[],"childNodes":[],"customizedProperties":[],"defaultWidth":null,"defaultHeight":null,"labelEditable":true,"pinned":false},{"id":"ba9cc473-07e4-382c-827b-3c3225191fdb","type":"node:icon-label","targetObjectId":"e40b06e9-f17c-48ad-82d9-d067e7f24741","targetObjectKind":"siriusComponents://semantic?domain=uml&entity=EnumerationLiteral","targetObjectLabel":"ThermometerMonitoring","descriptionId":"siriusComponents://nodeDescription?sourceKind=view&sourceId=papyrus-web-Profile%20Diagram&sourceElementId=papyrus-web-Profile%20Diagram#//@descriptions.0/@nodeDescriptions.10/@childrenDescriptions.12/@childrenDescriptions.0","borderNode":false,"modifiers":[],"state":"Normal","collapsingState":"EXPANDED","insideLabel":{"id":"c6b11760-87e5-3434-b958-68a6983807f2","type":"label:inside-center","text":"ThermometerMonitoring","insideLabelLocation":"TOP_CENTER","position":{"x":5.0,"y":0.0},"size":{"width":190.9736328125,"height":16.296875},"alignment":{"x":20.0,"y":12.9951171875},"style":{"color":"#0b006b","fontSize":14,"bold":false,"italic":false,"underline":false,"strikeThrough":false,"iconURL":["/icons-override/full/obj16/EnumerationLiteral.svg"]},"isHeader":false,"displayHeaderSeparator":false},"outsideLabels":[],"style":{"backgroundColor":"transparent"},"childrenLayoutStrategy":{"areChildNodesDraggable":true,"kind":"List"},"position":{"x":0.0,"y":102.78125},"size":{"width":221.0712890625,"height":16.296875},"userResizable":true,"borderNodes":[],"childNodes":[],"customizedProperties":[],"defaultWidth":null,"defaultHeight":null,"labelEditable":true,"pinned":false},{"id":"c8721213-3040-38cb-af16-83cdddc1e3f4","type":"node:icon-label","targetObjectId":"ff1d9aa6-40eb-4574-ad6c-fe1c4585de88","targetObjectKind":"siriusComponents://semantic?domain=uml&entity=EnumerationLiteral","targetObjectLabel":"DataStorage","descriptionId":"siriusComponents://nodeDescription?sourceKind=view&sourceId=papyrus-web-Profile%20Diagram&sourceElementId=papyrus-web-Profile%20Diagram#//@descriptions.0/@nodeDescriptions.10/@childrenDescriptions.12/@childrenDescriptions.0","borderNode":false,"modifiers":[],"state":"Normal","collapsingState":"EXPANDED","insideLabel":{"id":"da52aa54-d90e-3aca-815a-0169566260ff","type":"label:inside-center","text":"DataStorage","insideLabelLocation":"TOP_CENTER","position":{"x":5.0,"y":0.0},"size":{"width":108.2041015625,"height":16.296875},"alignment":{"x":20.0,"y":12.9951171875},"style":{"color":"#0b006b","fontSize":14,"bold":false,"italic":false,"underline":false,"strikeThrough":false,"iconURL":["/icons-override/full/obj16/EnumerationLiteral.svg"]},"isHeader":false,"displayHeaderSeparator":false},"outsideLabels":[],"style":{"backgroundColor":"transparent"},"childrenLayoutStrategy":{"areChildNodesDraggable":true,"kind":"List"},"position":{"x":0.0,"y":119.078125},"size":{"width":221.0712890625,"height":16.296875},"userResizable":true,"borderNodes":[],"childNodes":[],"customizedProperties":[],"defaultWidth":null,"defaultHeight":null,"labelEditable":true,"pinned":false},{"id":"406fa402-439a-3333-9cb9-0e123015e4ed","type":"node:icon-label","targetObjectId":"9048da8e-5087-498c-887a-f372981420f2","targetObjectKind":"siriusComponents://semantic?domain=uml&entity=EnumerationLiteral","targetObjectLabel":"DataAnalysis","descriptionId":"siriusComponents://nodeDescription?sourceKind=view&sourceId=papyrus-web-Profile%20Diagram&sourceElementId=papyrus-web-Profile%20Diagram#//@descriptions.0/@nodeDescriptions.10/@childrenDescriptions.12/@childrenDescriptions.0","borderNode":false,"modifiers":[],"state":"Normal","collapsingState":"EXPANDED","insideLabel":{"id":"40ca0c31-5165-3e6b-b375-971b87c4f0a0","type":"label:inside-center","text":"DataAnalysis","insideLabelLocation":"TOP_CENTER","position":{"x":5.0,"y":0.0},"size":{"width":111.109375,"height":16.296875},"alignment":{"x":20.0,"y":12.9951171875},"style":{"color":"#0b006b","fontSize":14,"bold":false,"italic":false,"underline":false,"strikeThrough":false,"iconURL":["/icons-override/full/obj16/EnumerationLiteral.svg"]},"isHeader":false,"displayHeaderSeparator":false},"outsideLabels":[],"style":{"backgroundColor":"transparent"},"childrenLayoutStrategy":{"areChildNodesDraggable":true,"kind":"List"},"position":{"x":0.0,"y":135.375},"size":{"width":221.0712890625,"height":16.296875},"userResizable":true,"borderNodes":[],"childNodes":[],"customizedProperties":[],"defaultWidth":null,"defaultHeight":null,"labelEditable":true,"pinned":false},{"id":"00564fc3-e91f-36cc-b8ff-1de1e3cfdf5f","type":"node:icon-label","targetObjectId":"4b98a14a-2dbf-43d8-869a-8e3aea8acf60","targetObjectKind":"siriusComponents://semantic?domain=uml&entity=EnumerationLiteral","targetObjectLabel":"EmergencyResponse","descriptionId":"siriusComponents://nodeDescription?sourceKind=view&sourceId=papyrus-web-Profile%20Diagram&sourceElementId=papyrus-web-Profile%20Diagram#//@descriptions.0/@nodeDescriptions.10/@childrenDescriptions.12/@childrenDescriptions.0","borderNode":false,"modifiers":[],"state":"Normal","collapsingState":"EXPANDED","insideLabel":{"id":"f00fad83-f168-3eb1-814b-3825ea039a33","type":"label:inside-center","text":"EmergencyResponse","insideLabelLocation":"TOP_CENTER","position":{"x":5.0,"y":0.0},"size":{"width":167.0751953125,"height":16.296875},"alignment":{"x":20.0,"y":12.9951171875},"style":{"color":"#0b006b","fontSize":14,"bold":false,"italic":false,"underline":false,"strikeThrough":false,"iconURL":["/icons-override/full/obj16/EnumerationLiteral.svg"]},"isHeader":false,"displayHeaderSeparator":false},"outsideLabels":[],"style":{"backgroundColor":"transparent"},"childrenLayoutStrategy":{"areChildNodesDraggable":true,"kind":"List"},"position":{"x":0.0,"y":151.671875},"size":{"width":221.0712890625,"height":16.296875},"userResizable":true,"borderNodes":[],"childNodes":[],"customizedProperties":[],"defaultWidth":null,"defaultHeight":null,"labelEditable":true,"pinned":false},{"id":"df5c2b44-9729-36e4-8d1f-14bafb70bc4f","type":"node:icon-label","targetObjectId":"cf416653-c154-4f13-88f4-6855e85e5d2a","targetObjectKind":"siriusComponents://semantic?domain=uml&entity=EnumerationLiteral","targetObjectLabel":"VoiceBasedHealthAssitants","descriptionId":"siriusComponents://nodeDescription?sourceKind=view&sourceId=papyrus-web-Profile%20Diagram&sourceElementId=papyrus-web-Profile%20Diagram#//@descriptions.0/@nodeDescriptions.10/@childrenDescriptions.12/@childrenDescriptions.0","borderNode":false,"modifiers":[],"state":"Normal","collapsingState":"EXPANDED","insideLabel":{"id":"bdeacc47-9360-3f31-a443-3e682c6ad02b","type":"label:inside-center","text":"VoiceBasedHealthAssitants","insideLabelLocation":"TOP_CENTER","position":{"x":5.0,"y":0.0},"size":{"width":211.0712890625,"height":16.296875},"alignment":{"x":20.0,"y":12.9951171875},"style":{"color":"#0b006b","fontSize":14,"bold":false,"italic":false,"underline":false,"strikeThrough":false,"iconURL":["/icons-override/full/obj16/EnumerationLiteral.svg"]},"isHeader":false,"displayHeaderSeparator":false},"outsideLabels":[],"style":{"backgroundColor":"transparent"},"childrenLayoutStrategy":{"areChildNodesDraggable":true,"kind":"List"},"position":{"x":0.0,"y":167.96875},"size":{"width":221.0712890625,"height":16.296875},"userResizable":true,"borderNodes":[],"childNodes":[],"customizedProperties":[],"defaultWidth":null,"defaultHeight":null,"labelEditable":true,"pinned":false},{"id":"2ac4f15b-ae83-38e3-b5ec-5a3134a606d0","type":"node:icon-label","targetObjectId":"7f109cc9-8c55-4795-8775-bf01fd80d92e","targetObjectKind":"siriusComponents://semantic?domain=uml&entity=EnumerationLiteral","targetObjectLabel":"SurgicalNavigation","descriptionId":"siriusComponents://nodeDescription?sourceKind=view&sourceId=papyrus-web-Profile%20Diagram&sourceElementId=papyrus-web-Profile%20Diagram#//@descriptions.0/@nodeDescriptions.10/@childrenDescriptions.12/@childrenDescriptions.0","borderNode":false,"modifiers":[],"state":"Normal","collapsingState":"EXPANDED","insideLabel":{"id":"6cbf7543-83ef-3514-8283-a642cee3abcd","type":"label:inside-center","text":"SurgicalNavigation","insideLabelLocation":"TOP_CENTER","position":{"x":5.0,"y":0.0},"size":{"width":151.9677734375,"height":16.296875},"alignment":{"x":20.0,"y":12.9951171875},"style":{"color":"#0b006b","fontSize":14,"bold":false,"italic":false,"underline":false,"strikeThrough":false,"iconURL":["/icons-override/full/obj16/EnumerationLiteral.svg"]},"isHeader":false,"displayHeaderSeparator":false},"outsideLabels":[],"style":{"backgroundColor":"transparent"},"childrenLayoutStrategy":{"areChildNodesDraggable":true,"kind":"List"},"position":{"x":0.0,"y":184.265625},"size":{"width":221.0712890625,"height":16.296875},"userResizable":true,"borderNodes":[],"childNodes":[],"customizedProperties":[],"defaultWidth":null,"defaultHeight":null,"labelEditable":true,"pinned":false},{"id":"8ff4c9b9-723b-31b5-b375-a9361cb02409","type":"node:icon-label","targetObjectId":"f4a0571d-5746-4a93-8510-a78bb146fb49","targetObjectKind":"siriusComponents://semantic?domain=uml&entity=EnumerationLiteral","targetObjectLabel":"MedicalImageAnalysis","descriptionId":"siriusComponents://nodeDescription?sourceKind=view&sourceId=papyrus-web-Profile%20Diagram&sourceElementId=papyrus-web-Profile%20Diagram#//@descriptions.0/@nodeDescriptions.10/@childrenDescriptions.12/@childrenDescriptions.0","borderNode":false,"modifiers":[],"state":"Normal","collapsingState":"EXPANDED","insideLabel":{"id":"dad12dcc-526f-33af-8370-9ff76a8627f4","type":"label:inside-center","text":"MedicalImageAnalysis","insideLabelLocation":"TOP_CENTER","position":{"x":5.0,"y":0.0},"size":{"width":175.162109375,"height":16.296875},"alignment":{"x":20.0,"y":12.9951171875},"style":{"color":"#0b006b","fontSize":14,"bold":false,"italic":false,"underline":false,"strikeThrough":false,"iconURL":["/icons-override/full/obj16/EnumerationLiteral.svg"]},"isHeader":false,"displayHeaderSeparator":false},"outsideLabels":[],"style":{"backgroundColor":"transparent"},"childrenLayoutStrategy":{"areChildNodesDraggable":true,"kind":"List"},"position":{"x":0.0,"y":200.5625},"size":{"width":221.0712890625,"height":16.296875},"userResizable":true,"borderNodes":[],"childNodes":[],"customizedProperties":[],"defaultWidth":null,"defaultHeight":null,"labelEditable":true,"pinned":false},{"id":"2df30886-7b48-3976-ac17-32184b7403e4","type":"node:icon-label","targetObjectId":"61843796-42c5-4433-a01d-8493844fef63","targetObjectKind":"siriusComponents://semantic?domain=uml&entity=EnumerationLiteral","targetObjectLabel":"IoMTCybersecurity","descriptionId":"siriusComponents://nodeDescription?sourceKind=view&sourceId=papyrus-web-Profile%20Diagram&sourceElementId=papyrus-web-Profile%20Diagram#//@descriptions.0/@nodeDescriptions.10/@childrenDescriptions.12/@childrenDescriptions.0","borderNode":false,"modifiers":[],"state":"Normal","collapsingState":"EXPANDED","insideLabel":{"id":"0b0b0e5b-33e4-3dc8-957e-4c3fc76ced3e","type":"label:inside-center","text":"IoMTCybersecurity","insideLabelLocation":"TOP_CENTER","position":{"x":5.0,"y":0.0},"size":{"width":150.5390625,"height":16.296875},"alignment":{"x":20.0,"y":12.9951171875},"style":{"color":"#0b006b","fontSize":14,"bold":false,"italic":false,"underline":false,"strikeThrough":false,"iconURL":["/icons-override/full/obj16/EnumerationLiteral.svg"]},"isHeader":false,"displayHeaderSeparator":false},"outsideLabels":[],"style":{"backgroundColor":"transparent"},"childrenLayoutStrategy":{"areChildNodesDraggable":true,"kind":"List"},"position":{"x":0.0,"y":216.859375},"size":{"width":221.0712890625,"height":16.296875},"userResizable":true,"borderNodes":[],"childNodes":[],"customizedProperties":[],"defaultWidth":null,"defaultHeight":null,"labelEditable":true,"pinned":false},{"id":"78ea51ca-75e7-352d-a7a5-fa435b2b067a","type":"node:icon-label","targetObjectId":"5226b3ec-43fd-4394-b0e6-2d31b68ef325","targetObjectKind":"siriusComponents://semantic?domain=uml&entity=EnumerationLiteral","targetObjectLabel":"Other","descriptionId":"siriusComponents://nodeDescription?sourceKind=view&sourceId=papyrus-web-Profile%20Diagram&sourceElementId=papyrus-web-Profile%20Diagram#//@descriptions.0/@nodeDescriptions.10/@childrenDescriptions.12/@childrenDescriptions.0","borderNode":false,"modifiers":[],"state":"Normal","collapsingState":"EXPANDED","insideLabel":{"id":"f9b27c64-6cbc-3547-a31a-146dfea25129","type":"label:inside-center","text":"Other","insideLabelLocation":"TOP_CENTER","position":{"x":5.0,"y":0.0},"size":{"width":59.7509765625,"height":16.296875},"alignment":{"x":20.0,"y":12.9951171875},"style":{"color":"#0b006b","fontSize":14,"bold":false,"italic":false,"underline":false,"strikeThrough":false,"iconURL":["/icons-override/full/obj16/EnumerationLiteral.svg"]},"isHeader":false,"displayHeaderSeparator":false},"outsideLabels":[],"style":{"backgroundColor":"transparent"},"childrenLayoutStrategy":{"areChildNodesDraggable":true,"kind":"List"},"position":{"x":0.0,"y":233.15625},"size":{"width":221.0712890625,"height":16.296875},"userResizable":true,"borderNodes":[],"childNodes":[],"customizedProperties":[],"defaultWidth":null,"defaultHeight":null,"labelEditable":true,"pinned":false}],"customizedProperties":[],"defaultWidth":null,"defaultHeight":null,"labelEditable":false,"pinned":false}],"customizedProperties":[],"defaultWidth":null,"defaultHeight":null,"labelEditable":true,"pinned":false},{"id":"ef8f1cb0-67ef-35ff-a32e-e31e130bb7d1","type":"node:rectangle","targetObjectId":"10c93b4c-4369-4101-912f-20b69cd145e9","targetObjectKind":"siriusComponents://semantic?domain=uml&entity=Enumeration","targetObjectLabel":"IntangibleAssetKind","descriptionId":"siriusComponents://nodeDescription?sourceKind=view&sourceId=papyrus-web-Profile%20Diagram&sourceElementId=papyrus-web-Profile%20Diagram#//@descriptions.0/@nodeDescriptions.4","borderNode":false,"modifiers":[],"state":"Normal","collapsingState":"EXPANDED","insideLabel":{"id":"e8da44b6-0d13-378b-8a65-c5abeb729bf0","type":"label:inside-center","text":"«enumeration»\nIntangibleAssetKind","insideLabelLocation":"TOP_CENTER","position":{"x":24.3046875,"y":5.0},"size":{"width":159.20703125,"height":32.59375},"alignment":{"x":20.0,"y":12.9951171875},"style":{"color":"#0b006b","fontSize":14,"bold":false,"italic":false,"underline":false,"strikeThrough":false,"iconURL":["/icons-override/full/obj16/Enumeration.svg"]},"isHeader":true,"displayHeaderSeparator":true},"outsideLabels":[],"style":{"color":"#fefefe","borderColor":"#0b006b","borderSize":1,"borderRadius":0,"borderStyle":"Solid"},"childrenLayoutStrategy":{"areChildNodesDraggable":false,"kind":"List"},"position":{"x":379.61246405968086,"y":771.2709262448896},"size":{"width":207.81640625,"height":167.671875},"userResizable":true,"borderNodes":[],"childNodes":[{"id":"1a15de2e-dc43-39c5-9978-44a5d45f19fd","type":"node:rectangle","targetObjectId":"10c93b4c-4369-4101-912f-20b69cd145e9","targetObjectKind":"siriusComponents://semantic?domain=uml&entity=Enumeration","targetObjectLabel":"IntangibleAssetKind","descriptionId":"siriusComponents://nodeDescription?sourceKind=view&sourceId=papyrus-web-Profile%20Diagram&sourceElementId=papyrus-web-Profile%20Diagram#//@descriptions.0/@nodeDescriptions.10/@childrenDescriptions.12","borderNode":false,"modifiers":[],"state":"Normal","collapsingState":"EXPANDED","insideLabel":{"id":"a0e1acf4-cf01-3e9b-8c5a-96fa360d0864","type":"label:inside-v_top-h_center","text":"","insideLabelLocation":"TOP_CENTER","position":{"x":5.0,"y":5.0},"size":{"width":0.0,"height":0.0},"alignment":{"x":0.0,"y":0.0},"style":{"color":"#0b006b","fontSize":14,"bold":false,"italic":false,"underline":false,"strikeThrough":false,"iconURL":[]},"isHeader":false,"displayHeaderSeparator":false},"outsideLabels":[],"style":{"color":"#fefefe","borderColor":"#0b006b","borderSize":1,"borderRadius":0,"borderStyle":"Solid"},"childrenLayoutStrategy":{"areChildNodesDraggable":true,"kind":"List"},"position":{"x":0.0,"y":48.59375},"size":{"width":207.81640625,"height":119.078125},"userResizable":true,"borderNodes":[],"childNodes":[{"id":"b1c53bca-8a41-3fe7-a790-514bebad4473","type":"node:icon-label","targetObjectId":"51c695fd-d8ba-4949-8d16-406d1c14070e","targetObjectKind":"siriusComponents://semantic?domain=uml&entity=EnumerationLiteral","targetObjectLabel":"HospitalReputation","descriptionId":"siriusComponents://nodeDescription?sourceKind=view&sourceId=papyrus-web-Profile%20Diagram&sourceElementId=papyrus-web-Profile%20Diagram#//@descriptions.0/@nodeDescriptions.10/@childrenDescriptions.12/@childrenDescriptions.0","borderNode":false,"modifiers":[],"state":"Normal","collapsingState":"EXPANDED","insideLabel":{"id":"9b65ac8a-e9c3-3813-b34a-9b7ced6b40c0","type":"label:inside-center","text":"HospitalReputation","insideLabelLocation":"TOP_CENTER","position":{"x":5.0,"y":0.0},"size":{"width":154.107421875,"height":16.296875},"alignment":{"x":20.0,"y":12.9951171875},"style":{"color":"#0b006b","fontSize":14,"bold":false,"italic":false,"underline":false,"strikeThrough":false,"iconURL":["/icons-override/full/obj16/EnumerationLiteral.svg"]},"isHeader":false,"displayHeaderSeparator":false},"outsideLabels":[],"style":{"backgroundColor":"transparent"},"childrenLayoutStrategy":{"areChildNodesDraggable":true,"kind":"List"},"position":{"x":0.0,"y":5.0},"size":{"width":207.81640625,"height":16.296875},"userResizable":true,"borderNodes":[],"childNodes":[],"customizedProperties":[],"defaultWidth":null,"defaultHeight":null,"labelEditable":true,"pinned":false},{"id":"bf25539d-c0d4-3d36-abac-5591efdd9de3","type":"node:icon-label","targetObjectId":"08755112-05ac-4492-9c73-13348383cdbe","targetObjectKind":"siriusComponents://semantic?domain=uml&entity=EnumerationLiteral","targetObjectLabel":"IoMTBrandEquity","descriptionId":"siriusComponents://nodeDescription?sourceKind=view&sourceId=papyrus-web-Profile%20Diagram&sourceElementId=papyrus-web-Profile%20Diagram#//@descriptions.0/@nodeDescriptions.10/@childrenDescriptions.12/@childrenDescriptions.0","borderNode":false,"modifiers":[],"state":"Normal","collapsingState":"EXPANDED","insideLabel":{"id":"bdf65cf0-ba12-3780-b493-ab65faf7a691","type":"label:inside-center","text":"IoMTBrandEquity","insideLabelLocation":"TOP_CENTER","position":{"x":5.0,"y":0.0},"size":{"width":139.2939453125,"height":16.296875},"alignment":{"x":20.0,"y":12.9951171875},"style":{"color":"#0b006b","fontSize":14,"bold":false,"italic":false,"underline":false,"strikeThrough":false,"iconURL":["/icons-override/full/obj16/EnumerationLiteral.svg"]},"isHeader":false,"displayHeaderSeparator":false},"outsideLabels":[],"style":{"backgroundColor":"transparent"},"childrenLayoutStrategy":{"areChildNodesDraggable":true,"kind":"List"},"position":{"x":0.0,"y":21.296875},"size":{"width":207.81640625,"height":16.296875},"userResizable":true,"borderNodes":[],"childNodes":[],"customizedProperties":[],"defaultWidth":null,"defaultHeight":null,"labelEditable":true,"pinned":false},{"id":"55943eb5-1439-3e43-bcea-5ede3d30b7ee","type":"node:icon-label","targetObjectId":"95cde208-6749-486e-9b8f-219dd965d6a8","targetObjectKind":"siriusComponents://semantic?domain=uml&entity=EnumerationLiteral","targetObjectLabel":"PatientSatisfaction","descriptionId":"siriusComponents://nodeDescription?sourceKind=view&sourceId=papyrus-web-Profile%20Diagram&sourceElementId=papyrus-web-Profile%20Diagram#//@descriptions.0/@nodeDescriptions.10/@childrenDescriptions.12/@childrenDescriptions.0","borderNode":false,"modifiers":[],"state":"Normal","collapsingState":"EXPANDED","insideLabel":{"id":"b39a8296-7daf-3313-b50f-278ba6c8ec3e","type":"label:inside-center","text":"PatientSatisfaction","insideLabelLocation":"TOP_CENTER","position":{"x":5.0,"y":0.0},"size":{"width":151.537109375,"height":16.296875},"alignment":{"x":20.0,"y":12.9951171875},"style":{"color":"#0b006b","fontSize":14,"bold":false,"italic":false,"underline":false,"strikeThrough":false,"iconURL":["/icons-override/full/obj16/EnumerationLiteral.svg"]},"isHeader":false,"displayHeaderSeparator":false},"outsideLabels":[],"style":{"backgroundColor":"transparent"},"childrenLayoutStrategy":{"areChildNodesDraggable":true,"kind":"List"},"position":{"x":0.0,"y":37.59375},"size":{"width":207.81640625,"height":16.296875},"userResizable":true,"borderNodes":[],"childNodes":[],"customizedProperties":[],"defaultWidth":null,"defaultHeight":null,"labelEditable":true,"pinned":false},{"id":"41a015f2-e52e-3052-af7c-44495daa09ee","type":"node:icon-label","targetObjectId":"797f5abd-64b8-47be-b7f3-dc7a43507989","targetObjectKind":"siriusComponents://semantic?domain=uml&entity=EnumerationLiteral","targetObjectLabel":"DataPrivacySecurityTrust","descriptionId":"siriusComponents://nodeDescription?sourceKind=view&sourceId=papyrus-web-Profile%20Diagram&sourceElementId=papyrus-web-Profile%20Diagram#//@descriptions.0/@nodeDescriptions.10/@childrenDescriptions.12/@childrenDescriptions.0","borderNode":false,"modifiers":[],"state":"Normal","collapsingState":"EXPANDED","insideLabel":{"id":"328e184b-6dfa-3784-b0a7-78ba4b61d2a0","type":"label:inside-center","text":"DataPrivacySecurityTrust","insideLabelLocation":"TOP_CENTER","position":{"x":5.0,"y":0.0},"size":{"width":197.81640625,"height":16.296875},"alignment":{"x":20.0,"y":12.9951171875},"style":{"color":"#0b006b","fontSize":14,"bold":false,"italic":false,"underline":false,"strikeThrough":false,"iconURL":["/icons-override/full/obj16/EnumerationLiteral.svg"]},"isHeader":false,"displayHeaderSeparator":false},"outsideLabels":[],"style":{"backgroundColor":"transparent"},"childrenLayoutStrategy":{"areChildNodesDraggable":true,"kind":"List"},"position":{"x":0.0,"y":53.890625},"size":{"width":207.81640625,"height":16.296875},"userResizable":true,"borderNodes":[],"childNodes":[],"customizedProperties":[],"defaultWidth":null,"defaultHeight":null,"labelEditable":true,"pinned":false},{"id":"4768abdc-7df7-3366-a458-9ef20d3748df","type":"node:icon-label","targetObjectId":"9aa1f9fc-b162-4cdb-94a3-9833efd30458","targetObjectKind":"siriusComponents://semantic?domain=uml&entity=EnumerationLiteral","targetObjectLabel":"IntellectualProperty","descriptionId":"siriusComponents://nodeDescription?sourceKind=view&sourceId=papyrus-web-Profile%20Diagram&sourceElementId=papyrus-web-Profile%20Diagram#//@descriptions.0/@nodeDescriptions.10/@childrenDescriptions.12/@childrenDescriptions.0","borderNode":false,"modifiers":[],"state":"Normal","collapsingState":"EXPANDED","insideLabel":{"id":"cf4593e0-135b-3ae7-b934-282d394ff2e6","type":"label:inside-center","text":"IntellectualProperty","insideLabelLocation":"TOP_CENTER","position":{"x":5.0,"y":0.0},"size":{"width":157.8193359375,"height":16.296875},"alignment":{"x":20.0,"y":12.9951171875},"style":{"color":"#0b006b","fontSize":14,"bold":false,"italic":false,"underline":false,"strikeThrough":false,"iconURL":["/icons-override/full/obj16/EnumerationLiteral.svg"]},"isHeader":false,"displayHeaderSeparator":false},"outsideLabels":[],"style":{"backgroundColor":"transparent"},"childrenLayoutStrategy":{"areChildNodesDraggable":true,"kind":"List"},"position":{"x":0.0,"y":70.1875},"size":{"width":207.81640625,"height":16.296875},"userResizable":true,"borderNodes":[],"childNodes":[],"customizedProperties":[],"defaultWidth":null,"defaultHeight":null,"labelEditable":true,"pinned":false},{"id":"aea034c4-85bd-30cb-b5df-b20ecc90e192","type":"node:icon-label","targetObjectId":"999e2171-f2bd-45f3-bce9-9d9eae40aaa1","targetObjectKind":"siriusComponents://semantic?domain=uml&entity=EnumerationLiteral","targetObjectLabel":"Licences","descriptionId":"siriusComponents://nodeDescription?sourceKind=view&sourceId=papyrus-web-Profile%20Diagram&sourceElementId=papyrus-web-Profile%20Diagram#//@descriptions.0/@nodeDescriptions.10/@childrenDescriptions.12/@childrenDescriptions.0","borderNode":false,"modifiers":[],"state":"Normal","collapsingState":"EXPANDED","insideLabel":{"id":"55eb433e-ef8d-30e3-bb2d-ed4b24d3fa40","type":"label:inside-center","text":"Licences","insideLabelLocation":"TOP_CENTER","position":{"x":5.0,"y":0.0},"size":{"width":80.4775390625,"height":16.296875},"alignment":{"x":20.0,"y":12.9951171875},"style":{"color":"#0b006b","fontSize":14,"bold":false,"italic":false,"underline":false,"strikeThrough":false,"iconURL":["/icons-override/full/obj16/EnumerationLiteral.svg"]},"isHeader":false,"displayHeaderSeparator":false},"outsideLabels":[],"style":{"backgroundColor":"transparent"},"childrenLayoutStrategy":{"areChildNodesDraggable":true,"kind":"List"},"position":{"x":0.0,"y":86.484375},"size":{"width":207.81640625,"height":16.296875},"userResizable":true,"borderNodes":[],"childNodes":[],"customizedProperties":[],"defaultWidth":null,"defaultHeight":null,"labelEditable":true,"pinned":false},{"id":"504c08d2-4937-37b2-8a27-0a85944d5ddf","type":"node:icon-label","targetObjectId":"787446f1-47af-420c-bd56-8e104bc901cf","targetObjectKind":"siriusComponents://semantic?domain=uml&entity=EnumerationLiteral","targetObjectLabel":"Other","descriptionId":"siriusComponents://nodeDescription?sourceKind=view&sourceId=papyrus-web-Profile%20Diagram&sourceElementId=papyrus-web-Profile%20Diagram#//@descriptions.0/@nodeDescriptions.10/@childrenDescriptions.12/@childrenDescriptions.0","borderNode":false,"modifiers":[],"state":"Normal","collapsingState":"EXPANDED","insideLabel":{"id":"9de11c4a-ff35-3caa-ae39-4ec273707b62","type":"label:inside-center","text":"Other","insideLabelLocation":"TOP_CENTER","position":{"x":5.0,"y":0.0},"size":{"width":59.7509765625,"height":16.296875},"alignment":{"x":20.0,"y":12.9951171875},"style":{"color":"#0b006b","fontSize":14,"bold":false,"italic":false,"underline":false,"strikeThrough":false,"iconURL":["/icons-override/full/obj16/EnumerationLiteral.svg"]},"isHeader":false,"displayHeaderSeparator":false},"outsideLabels":[],"style":{"backgroundColor":"transparent"},"childrenLayoutStrategy":{"areChildNodesDraggable":true,"kind":"List"},"position":{"x":0.0,"y":102.78125},"size":{"width":207.81640625,"height":16.296875},"userResizable":true,"borderNodes":[],"childNodes":[],"customizedProperties":[],"defaultWidth":null,"defaultHeight":null,"labelEditable":true,"pinned":false}],"customizedProperties":[],"defaultWidth":null,"defaultHeight":null,"labelEditable":false,"pinned":false}],"customizedProperties":[],"defaultWidth":null,"defaultHeight":null,"labelEditable":true,"pinned":false},{"id":"8e398b8a-31f2-3bde-8522-becefb008ea4","type":"node:rectangle","targetObjectId":"f37a06f7-3552-4fc0-92b7-4cc270bb9f23","targetObjectKind":"siriusComponents://semantic?domain=uml&entity=Enumeration","targetObjectLabel":"InformationKind","descriptionId":"siriusComponents://nodeDescription?sourceKind=view&sourceId=papyrus-web-Profile%20Diagram&sourceElementId=papyrus-web-Profile%20Diagram#//@descriptions.0/@nodeDescriptions.4","borderNode":false,"modifiers":[],"state":"Normal","collapsingState":"EXPANDED","insideLabel":{"id":"cfdd8f83-bc16-3086-92b9-94f5914ac70d","type":"label:inside-center","text":"«enumeration»\nInformationKind","insideLabelLocation":"TOP_CENTER","position":{"x":24.8857421875,"y":5.0},"size":{"width":132.1162109375,"height":32.59375},"alignment":{"x":20.0,"y":12.9951171875},"style":{"color":"#0b006b","fontSize":14,"bold":false,"italic":false,"underline":false,"strikeThrough":false,"iconURL":["/icons-override/full/obj16/Enumeration.svg"]},"isHeader":true,"displayHeaderSeparator":true},"outsideLabels":[],"style":{"color":"#fefefe","borderColor":"#0b006b","borderSize":1,"borderRadius":0,"borderStyle":"Solid"},"childrenLayoutStrategy":{"areChildNodesDraggable":false,"kind":"List"},"position":{"x":753.3595874789946,"y":691.0547633458162},"size":{"width":181.8876953125,"height":183.96875},"userResizable":true,"borderNodes":[],"childNodes":[{"id":"73d255f5-e00b-34f7-8257-4d5a91ad523c","type":"node:rectangle","targetObjectId":"f37a06f7-3552-4fc0-92b7-4cc270bb9f23","targetObjectKind":"siriusComponents://semantic?domain=uml&entity=Enumeration","targetObjectLabel":"InformationKind","descriptionId":"siriusComponents://nodeDescription?sourceKind=view&sourceId=papyrus-web-Profile%20Diagram&sourceElementId=papyrus-web-Profile%20Diagram#//@descriptions.0/@nodeDescriptions.10/@childrenDescriptions.12","borderNode":false,"modifiers":[],"state":"Normal","collapsingState":"EXPANDED","insideLabel":{"id":"ed828d0e-4648-3a28-9a0e-0715a8addd7d","type":"label:inside-v_top-h_center","text":"","insideLabelLocation":"TOP_CENTER","position":{"x":5.0,"y":5.0},"size":{"width":0.0,"height":0.0},"alignment":{"x":0.0,"y":0.0},"style":{"color":"#0b006b","fontSize":14,"bold":false,"italic":false,"underline":false,"strikeThrough":false,"iconURL":[]},"isHeader":false,"displayHeaderSeparator":false},"outsideLabels":[],"style":{"color":"#fefefe","borderColor":"#0b006b","borderSize":1,"borderRadius":0,"borderStyle":"Solid"},"childrenLayoutStrategy":{"areChildNodesDraggable":true,"kind":"List"},"position":{"x":0.0,"y":48.59375},"size":{"width":181.8876953125,"height":135.375},"userResizable":true,"borderNodes":[],"childNodes":[{"id":"baddad09-a89c-37c6-b1d0-e48ee39b93eb","type":"node:icon-label","targetObjectId":"dfaae12f-a026-47a1-8026-2dc13ea883f1","targetObjectKind":"siriusComponents://semantic?domain=uml&entity=EnumerationLiteral","targetObjectLabel":"PatientPersonalData","descriptionId":"siriusComponents://nodeDescription?sourceKind=view&sourceId=papyrus-web-Profile%20Diagram&sourceElementId=papyrus-web-Profile%20Diagram#//@descriptions.0/@nodeDescriptions.10/@childrenDescriptions.12/@childrenDescriptions.0","borderNode":false,"modifiers":[],"state":"Normal","collapsingState":"EXPANDED","insideLabel":{"id":"cc1413b6-d597-3687-ae81-f4795b1bd8dd","type":"label:inside-center","text":"PatientPersonalData","insideLabelLocation":"TOP_CENTER","position":{"x":5.0,"y":0.0},"size":{"width":162.81640625,"height":16.296875},"alignment":{"x":20.0,"y":12.9951171875},"style":{"color":"#0b006b","fontSize":14,"bold":false,"italic":false,"underline":false,"strikeThrough":false,"iconURL":["/icons-override/full/obj16/EnumerationLiteral.svg"]},"isHeader":false,"displayHeaderSeparator":false},"outsideLabels":[],"style":{"backgroundColor":"transparent"},"childrenLayoutStrategy":{"areChildNodesDraggable":true,"kind":"List"},"position":{"x":0.0,"y":5.0},"size":{"width":181.8876953125,"height":16.296875},"userResizable":true,"borderNodes":[],"childNodes":[],"customizedProperties":[],"defaultWidth":null,"defaultHeight":null,"labelEditable":true,"pinned":false},{"id":"3cdb722a-9e4f-30c8-8190-e2c0dff7526b","type":"node:icon-label","targetObjectId":"3b0751da-66f6-4f8d-b0ff-8b5641e76e34","targetObjectKind":"siriusComponents://semantic?domain=uml&entity=EnumerationLiteral","targetObjectLabel":"PatientHealthRecords","descriptionId":"siriusComponents://nodeDescription?sourceKind=view&sourceId=papyrus-web-Profile%20Diagram&sourceElementId=papyrus-web-Profile%20Diagram#//@descriptions.0/@nodeDescriptions.10/@childrenDescriptions.12/@childrenDescriptions.0","borderNode":false,"modifiers":[],"state":"Normal","collapsingState":"EXPANDED","insideLabel":{"id":"8a2a9e45-88c8-3974-8595-011d16c37c01","type":"label:inside-center","text":"PatientHealthRecords","insideLabelLocation":"TOP_CENTER","position":{"x":5.0,"y":0.0},"size":{"width":171.8876953125,"height":16.296875},"alignment":{"x":20.0,"y":12.9951171875},"style":{"color":"#0b006b","fontSize":14,"bold":false,"italic":false,"underline":false,"strikeThrough":false,"iconURL":["/icons-override/full/obj16/EnumerationLiteral.svg"]},"isHeader":false,"displayHeaderSeparator":false},"outsideLabels":[],"style":{"backgroundColor":"transparent"},"childrenLayoutStrategy":{"areChildNodesDraggable":true,"kind":"List"},"position":{"x":0.0,"y":21.296875},"size":{"width":181.8876953125,"height":16.296875},"userResizable":true,"borderNodes":[],"childNodes":[],"customizedProperties":[],"defaultWidth":null,"defaultHeight":null,"labelEditable":true,"pinned":false},{"id":"1ed35c02-4a57-3c4f-953f-d7a361c02658","type":"node:icon-label","targetObjectId":"d2e89774-cc61-453d-a90c-599a45872d0f","targetObjectKind":"siriusComponents://semantic?domain=uml&entity=EnumerationLiteral","targetObjectLabel":"RealTimePatientData","descriptionId":"siriusComponents://nodeDescription?sourceKind=view&sourceId=papyrus-web-Profile%20Diagram&sourceElementId=papyrus-web-Profile%20Diagram#//@descriptions.0/@nodeDescriptions.10/@childrenDescriptions.12/@childrenDescriptions.0","borderNode":false,"modifiers":[],"state":"Normal","collapsingState":"EXPANDED","insideLabel":{"id":"bf17a8e1-b308-3094-88ec-60472511ec34","type":"label:inside-center","text":"RealTimePatientData","insideLabelLocation":"TOP_CENTER","position":{"x":5.0,"y":0.0},"size":{"width":168.3056640625,"height":16.296875},"alignment":{"x":20.0,"y":12.9951171875},"style":{"color":"#0b006b","fontSize":14,"bold":false,"italic":false,"underline":false,"strikeThrough":false,"iconURL":["/icons-override/full/obj16/EnumerationLiteral.svg"]},"isHeader":false,"displayHeaderSeparator":false},"outsideLabels":[],"style":{"backgroundColor":"transparent"},"childrenLayoutStrategy":{"areChildNodesDraggable":true,"kind":"List"},"position":{"x":0.0,"y":37.59375},"size":{"width":181.8876953125,"height":16.296875},"userResizable":true,"borderNodes":[],"childNodes":[],"customizedProperties":[],"defaultWidth":null,"defaultHeight":null,"labelEditable":true,"pinned":false},{"id":"8a607dae-72a7-3966-8a20-ee642d16ca87","type":"node:icon-label","targetObjectId":"4bff66ba-6f40-45dc-8ed2-a8bf6e1be5ea","targetObjectKind":"siriusComponents://semantic?domain=uml&entity=EnumerationLiteral","targetObjectLabel":"InsuranceAndBilling","descriptionId":"siriusComponents://nodeDescription?sourceKind=view&sourceId=papyrus-web-Profile%20Diagram&sourceElementId=papyrus-web-Profile%20Diagram#//@descriptions.0/@nodeDescriptions.10/@childrenDescriptions.12/@childrenDescriptions.0","borderNode":false,"modifiers":[],"state":"Normal","collapsingState":"EXPANDED","insideLabel":{"id":"3786eead-ff6d-3b13-969f-a48adaf71090","type":"label:inside-center","text":"InsuranceAndBilling","insideLabelLocation":"TOP_CENTER","position":{"x":5.0,"y":0.0},"size":{"width":158.947265625,"height":16.296875},"alignment":{"x":20.0,"y":12.9951171875},"style":{"color":"#0b006b","fontSize":14,"bold":false,"italic":false,"underline":false,"strikeThrough":false,"iconURL":["/icons-override/full/obj16/EnumerationLiteral.svg"]},"isHeader":false,"displayHeaderSeparator":false},"outsideLabels":[],"style":{"backgroundColor":"transparent"},"childrenLayoutStrategy":{"areChildNodesDraggable":true,"kind":"List"},"position":{"x":0.0,"y":53.890625},"size":{"width":181.8876953125,"height":16.296875},"userResizable":true,"borderNodes":[],"childNodes":[],"customizedProperties":[],"defaultWidth":null,"defaultHeight":null,"labelEditable":true,"pinned":false},{"id":"33541179-cbdd-3f00-8fb7-620f4728b996","type":"node:icon-label","targetObjectId":"2b37fd55-2d54-4e91-9ae0-1ff488310d4c","targetObjectKind":"siriusComponents://semantic?domain=uml&entity=EnumerationLiteral","targetObjectLabel":"DeviceSensorData","descriptionId":"siriusComponents://nodeDescription?sourceKind=view&sourceId=papyrus-web-Profile%20Diagram&sourceElementId=papyrus-web-Profile%20Diagram#//@descriptions.0/@nodeDescriptions.10/@childrenDescriptions.12/@childrenDescriptions.0","borderNode":false,"modifiers":[],"state":"Normal","collapsingState":"EXPANDED","insideLabel":{"id":"aea48cdb-6a82-3be3-b20e-03dfc70cb204","type":"label:inside-center","text":"DeviceSensorData","insideLabelLocation":"TOP_CENTER","position":{"x":5.0,"y":0.0},"size":{"width":149.294921875,"height":16.296875},"alignment":{"x":20.0,"y":12.9951171875},"style":{"color":"#0b006b","fontSize":14,"bold":false,"italic":false,"underline":false,"strikeThrough":false,"iconURL":["/icons-override/full/obj16/EnumerationLiteral.svg"]},"isHeader":false,"displayHeaderSeparator":false},"outsideLabels":[],"style":{"backgroundColor":"transparent"},"childrenLayoutStrategy":{"areChildNodesDraggable":true,"kind":"List"},"position":{"x":0.0,"y":70.1875},"size":{"width":181.8876953125,"height":16.296875},"userResizable":true,"borderNodes":[],"childNodes":[],"customizedProperties":[],"defaultWidth":null,"defaultHeight":null,"labelEditable":true,"pinned":false},{"id":"287959f1-3683-3bcc-a995-cdef6b6a03b6","type":"node:icon-label","targetObjectId":"f2a587d2-6dc7-4516-98f0-f673bca4b01f","targetObjectKind":"siriusComponents://semantic?domain=uml&entity=EnumerationLiteral","targetObjectLabel":"StaffUserData","descriptionId":"siriusComponents://nodeDescription?sourceKind=view&sourceId=papyrus-web-Profile%20Diagram&sourceElementId=papyrus-web-Profile%20Diagram#//@descriptions.0/@nodeDescriptions.10/@childrenDescriptions.12/@childrenDescriptions.0","borderNode":false,"modifiers":[],"state":"Normal","collapsingState":"EXPANDED","insideLabel":{"id":"1f24b76d-c38d-397e-86f1-3aa4975a1151","type":"label:inside-center","text":"StaffUserData","insideLabelLocation":"TOP_CENTER","position":{"x":5.0,"y":0.0},"size":{"width":118.150390625,"height":16.296875},"alignment":{"x":20.0,"y":12.9951171875},"style":{"color":"#0b006b","fontSize":14,"bold":false,"italic":false,"underline":false,"strikeThrough":false,"iconURL":["/icons-override/full/obj16/EnumerationLiteral.svg"]},"isHeader":false,"displayHeaderSeparator":false},"outsideLabels":[],"style":{"backgroundColor":"transparent"},"childrenLayoutStrategy":{"areChildNodesDraggable":true,"kind":"List"},"position":{"x":0.0,"y":86.484375},"size":{"width":181.8876953125,"height":16.296875},"userResizable":true,"borderNodes":[],"childNodes":[],"customizedProperties":[],"defaultWidth":null,"defaultHeight":null,"labelEditable":true,"pinned":false},{"id":"e1a3b956-488e-3b8d-9dea-25372549c580","type":"node:icon-label","targetObjectId":"39765f1c-2fe3-4079-9a12-7e03408aefe0","targetObjectKind":"siriusComponents://semantic?domain=uml&entity=EnumerationLiteral","targetObjectLabel":"ThirdPartyData","descriptionId":"siriusComponents://nodeDescription?sourceKind=view&sourceId=papyrus-web-Profile%20Diagram&sourceElementId=papyrus-web-Profile%20Diagram#//@descriptions.0/@nodeDescriptions.10/@childrenDescriptions.12/@childrenDescriptions.0","borderNode":false,"modifiers":[],"state":"Normal","collapsingState":"EXPANDED","insideLabel":{"id":"56912292-d499-3049-b1e5-079e0a55b79f","type":"label:inside-center","text":"ThirdPartyData","insideLabelLocation":"TOP_CENTER","position":{"x":5.0,"y":0.0},"size":{"width":125.9365234375,"height":16.296875},"alignment":{"x":20.0,"y":12.9951171875},"style":{"color":"#0b006b","fontSize":14,"bold":false,"italic":false,"underline":false,"strikeThrough":false,"iconURL":["/icons-override/full/obj16/EnumerationLiteral.svg"]},"isHeader":false,"displayHeaderSeparator":false},"outsideLabels":[],"style":{"backgroundColor":"transparent"},"childrenLayoutStrategy":{"areChildNodesDraggable":true,"kind":"List"},"position":{"x":0.0,"y":102.78125},"size":{"width":181.8876953125,"height":16.296875},"userResizable":true,"borderNodes":[],"childNodes":[],"customizedProperties":[],"defaultWidth":null,"defaultHeight":null,"labelEditable":true,"pinned":false},{"id":"210f9ea7-1be6-39c2-b69f-53a462447c83","type":"node:icon-label","targetObjectId":"78f1dc44-9a27-4759-8ba8-b175e5b2b9bf","targetObjectKind":"siriusComponents://semantic?domain=uml&entity=EnumerationLiteral","targetObjectLabel":"Other","descriptionId":"siriusComponents://nodeDescription?sourceKind=view&sourceId=papyrus-web-Profile%20Diagram&sourceElementId=papyrus-web-Profile%20Diagram#//@descriptions.0/@nodeDescriptions.10/@childrenDescriptions.12/@childrenDescriptions.0","borderNode":false,"modifiers":[],"state":"Normal","collapsingState":"EXPANDED","insideLabel":{"id":"500e7ab9-f672-35b8-b822-abfa4d7cef58","type":"label:inside-center","text":"Other","insideLabelLocation":"TOP_CENTER","position":{"x":5.0,"y":0.0},"size":{"width":59.7509765625,"height":16.296875},"alignment":{"x":20.0,"y":12.9951171875},"style":{"color":"#0b006b","fontSize":14,"bold":false,"italic":false,"underline":false,"strikeThrough":false,"iconURL":["/icons-override/full/obj16/EnumerationLiteral.svg"]},"isHeader":false,"displayHeaderSeparator":false},"outsideLabels":[],"style":{"backgroundColor":"transparent"},"childrenLayoutStrategy":{"areChildNodesDraggable":true,"kind":"List"},"position":{"x":0.0,"y":119.078125},"size":{"width":181.8876953125,"height":16.296875},"userResizable":true,"borderNodes":[],"childNodes":[],"customizedProperties":[],"defaultWidth":null,"defaultHeight":null,"labelEditable":true,"pinned":false}],"customizedProperties":[],"defaultWidth":null,"defaultHeight":null,"labelEditable":false,"pinned":false}],"customizedProperties":[],"defaultWidth":null,"defaultHeight":null,"labelEditable":true,"pinned":false},{"id":"447c5c02-d690-3b40-a996-63796bb32c32","type":"node:rectangle","targetObjectId":"UML.metamodel.uml#Class","targetObjectKind":"siriusComponents://semantic?domain=uml&entity=Class","targetObjectLabel":"Class","descriptionId":"siriusComponents://nodeDescription?sourceKind=view&sourceId=papyrus-web-Profile%20Diagram&sourceElementId=papyrus-web-Profile%20Diagram#//@descriptions.0/@nodeDescriptions.5","borderNode":false,"modifiers":[],"state":"Normal","collapsingState":"EXPANDED","insideLabel":{"id":"4f290229-151e-32c7-a017-d2337d5e369c","type":"label:inside-v_top-h_center","text":"«Metaclass»\nClass","insideLabelLocation":"TOP_CENTER","position":{"x":5.0,"y":5.0},"size":{"width":140.0,"height":40.79999923706055},"alignment":{"x":0.0,"y":0.0},"style":{"color":"#0b006b","fontSize":14,"bold":false,"italic":false,"underline":false,"strikeThrough":false,"iconURL":["/icons-override/full/obj16/Class.svg"]},"isHeader":false,"displayHeaderSeparator":false},"outsideLabels":[],"style":{"color":"#fefefe","borderColor":"#0b006b","borderSize":1,"borderRadius":0,"borderStyle":"Solid"},"childrenLayoutStrategy":{"kind":"FreeForm"},"position":{"x":249.1580697075034,"y":218.76326767901838},"size":{"width":150.0,"height":70.0},"userResizable":true,"borderNodes":[],"childNodes":[],"customizedProperties":[],"defaultWidth":null,"defaultHeight":null,"labelEditable":false,"pinned":false},{"id":"28749df1-b3b6-38a0-80ec-f64ddaf653ed","type":"node:rectangle","targetObjectId":"8db37554-e39b-43de-af6b-ef84e8de8497","targetObjectKind":"siriusComponents://semantic?domain=uml&entity=Stereotype","targetObjectLabel":"Asset","descriptionId":"siriusComponents://nodeDescription?sourceKind=view&sourceId=papyrus-web-Profile%20Diagram&sourceElementId=papyrus-web-Profile%20Diagram#//@descriptions.0/@nodeDescriptions.9","borderNode":false,"modifiers":[],"state":"Normal","collapsingState":"EXPANDED","insideLabel":{"id":"4cfb6b7c-4a13-34bd-9d30-819ab93a5feb","type":"label:inside-center","text":"«stereotype»\nAsset","insideLabelLocation":"TOP_CENTER","position":{"x":78.45556640625,"y":5.0},"size":{"width":112.736328125,"height":32.59375},"alignment":{"x":20.0,"y":12.9951171875},"style":{"color":"#0b006b","fontSize":14,"bold":false,"italic":true,"underline":false,"strikeThrough":false,"iconURL":["/icons-override/full/obj16/Stereotype.svg"]},"isHeader":true,"displayHeaderSeparator":true},"outsideLabels":[],"style":{"color":"#fefefe","borderColor":"#0b006b","borderSize":1,"borderRadius":0,"borderStyle":"Solid"},"childrenLayoutStrategy":{"areChildNodesDraggable":false,"kind":"List"},"position":{"x":474.8010299150378,"y":202.21606484948256},"size":{"width":269.6474609375,"height":188.59375},"userResizable":true,"borderNodes":[],"childNodes":[{"id":"2bca25af-37fc-3970-9e41-1e74719e496f","type":"node:rectangle","targetObjectId":"8db37554-e39b-43de-af6b-ef84e8de8497","targetObjectKind":"siriusComponents://semantic?domain=uml&entity=Stereotype","targetObjectLabel":"Asset","descriptionId":"siriusComponents://nodeDescription?sourceKind=view&sourceId=papyrus-web-Profile%20Diagram&sourceElementId=papyrus-web-Profile%20Diagram#//@descriptions.0/@nodeDescriptions.10/@childrenDescriptions.17","borderNode":false,"modifiers":[],"state":"Normal","collapsingState":"EXPANDED","insideLabel":{"id":"20f8e130-2a8c-3b7e-a1a8-30bec34a5eb2","type":"label:inside-v_top-h_center","text":"","insideLabelLocation":"TOP_CENTER","position":{"x":5.0,"y":5.0},"size":{"width":0.0,"height":0.0},"alignment":{"x":0.0,"y":0.0},"style":{"color":"#0b006b","fontSize":14,"bold":false,"italic":false,"underline":false,"strikeThrough":false,"iconURL":[]},"isHeader":false,"displayHeaderSeparator":false},"outsideLabels":[],"style":{"color":"#fefefe","borderColor":"#0b006b","borderSize":1,"borderRadius":0,"borderStyle":"Solid"},"childrenLayoutStrategy":{"areChildNodesDraggable":true,"kind":"List"},"position":{"x":0.0,"y":48.59375},"size":{"width":269.6474609375,"height":70.0},"userResizable":true,"borderNodes":[],"childNodes":[{"id":"82a5bcb2-d9e8-3520-961f-6200aefde6b4","type":"node:icon-label","targetObjectId":"80dcafc8-c1d3-4bca-abc1-e036b2a7b7da","targetObjectKind":"siriusComponents://semantic?domain=uml&entity=Property","targetObjectLabel":"key","descriptionId":"siriusComponents://nodeDescription?sourceKind=view&sourceId=papyrus-web-Profile%20Diagram&sourceElementId=papyrus-web-Profile%20Diagram#//@descriptions.0/@nodeDescriptions.10/@childrenDescriptions.0","borderNode":false,"modifiers":[],"state":"Normal","collapsingState":"EXPANDED","insideLabel":{"id":"7c81f36c-8514-3886-b894-522801ddd0f1","type":"label:inside-center","text":"+ key: String [1]","insideLabelLocation":"TOP_CENTER","position":{"x":5.0,"y":0.0},"size":{"width":136.416015625,"height":16.296875},"alignment":{"x":20.0,"y":12.9951171875},"style":{"color":"#0b006b","fontSize":14,"bold":false,"italic":false,"underline":false,"strikeThrough":false,"iconURL":["/icons-override/full/obj16/Property.svg"]},"isHeader":false,"displayHeaderSeparator":false},"outsideLabels":[],"style":{"backgroundColor":"transparent"},"childrenLayoutStrategy":{"areChildNodesDraggable":true,"kind":"List"},"position":{"x":0.0,"y":5.0},"size":{"width":269.6474609375,"height":16.296875},"userResizable":true,"borderNodes":[],"childNodes":[],"customizedProperties":[],"defaultWidth":null,"defaultHeight":null,"labelEditable":true,"pinned":false},{"id":"1a4b6060-4777-308a-95db-e1a529451c81","type":"node:icon-label","targetObjectId":"f6054309-c1c2-47b7-9030-2f3fa0c358c9","targetObjectKind":"siriusComponents://semantic?domain=uml&entity=Property","targetObjectLabel":"missionName","descriptionId":"siriusComponents://nodeDescription?sourceKind=view&sourceId=papyrus-web-Profile%20Diagram&sourceElementId=papyrus-web-Profile%20Diagram#//@descriptions.0/@nodeDescriptions.10/@childrenDescriptions.0","borderNode":false,"modifiers":[],"state":"Normal","collapsingState":"EXPANDED","insideLabel":{"id":"d224c4f1-509c-3266-a30a-56d19a1c060d","type":"label:inside-center","text":"+ missionName: String [1]","insideLabelLocation":"TOP_CENTER","position":{"x":5.0,"y":0.0},"size":{"width":206.15625,"height":16.296875},"alignment":{"x":20.0,"y":12.9951171875},"style":{"color":"#0b006b","fontSize":14,"bold":false,"italic":false,"underline":false,"strikeThrough":false,"iconURL":["/icons-override/full/obj16/Property.svg"]},"isHeader":false,"displayHeaderSeparator":false},"outsideLabels":[],"style":{"backgroundColor":"transparent"},"childrenLayoutStrategy":{"areChildNodesDraggable":true,"kind":"List"},"position":{"x":0.0,"y":21.296875},"size":{"width":269.6474609375,"height":16.296875},"userResizable":true,"borderNodes":[],"childNodes":[],"customizedProperties":[],"defaultWidth":null,"defaultHeight":null,"labelEditable":true,"pinned":false},{"id":"d3648699-01b9-3569-a8f9-13b0f3cc0b2e","type":"node:icon-label","targetObjectId":"643a8a22-bf05-4bae-a98a-76e4d9cb8402","targetObjectKind":"siriusComponents://semantic?domain=uml&entity=Property","targetObjectLabel":"description","descriptionId":"siriusComponents://nodeDescription?sourceKind=view&sourceId=papyrus-web-Profile%20Diagram&sourceElementId=papyrus-web-Profile%20Diagram#//@descriptions.0/@nodeDescriptions.10/@childrenDescriptions.0","borderNode":false,"modifiers":[],"state":"Normal","collapsingState":"EXPANDED","insideLabel":{"id":"620a1bce-5d84-3949-b13c-9e3bcebea520","type":"label:inside-center","text":"+ description: String [1]","insideLabelLocation":"TOP_CENTER","position":{"x":5.0,"y":0.0},"size":{"width":189.2509765625,"height":16.296875},"alignment":{"x":20.0,"y":12.9951171875},"style":{"color":"#0b006b","fontSize":14,"bold":false,"italic":false,"underline":false,"strikeThrough":false,"iconURL":["/icons-override/full/obj16/Property.svg"]},"isHeader":false,"displayHeaderSeparator":false},"outsideLabels":[],"style":{"backgroundColor":"transparent"},"childrenLayoutStrategy":{"areChildNodesDraggable":true,"kind":"List"},"position":{"x":0.0,"y":37.59375},"size":{"width":269.6474609375,"height":16.296875},"userResizable":true,"borderNodes":[],"childNodes":[],"customizedProperties":[],"defaultWidth":null,"defaultHeight":null,"labelEditable":true,"pinned":false}],"customizedProperties":[],"defaultWidth":null,"defaultHeight":null,"labelEditable":false,"pinned":false},{"id":"133a3071-7b56-3dca-a227-9d0afe7d8cb6","type":"node:rectangle","targetObjectId":"8db37554-e39b-43de-af6b-ef84e8de8497","targetObjectKind":"siriusComponents://semantic?domain=uml&entity=Stereotype","targetObjectLabel":"Asset","descriptionId":"siriusComponents://nodeDescription?sourceKind=view&sourceId=papyrus-web-Profile%20Diagram&sourceElementId=papyrus-web-Profile%20Diagram#//@descriptions.0/@nodeDescriptions.10/@childrenDescriptions.18","borderNode":false,"modifiers":["Hidden"],"state":"Hidden","collapsingState":"EXPANDED","insideLabel":{"id":"185a882f-48e9-32af-afed-1bced74d017b","type":"label:inside-v_top-h_center","text":"","insideLabelLocation":"TOP_CENTER","position":{"x":5.0,"y":5.0},"size":{"width":0.0,"height":0.0},"alignment":{"x":0.0,"y":0.0},"style":{"color":"#0b006b","fontSize":14,"bold":false,"italic":false,"underline":false,"strikeThrough":false,"iconURL":[]},"isHeader":false,"displayHeaderSeparator":false},"outsideLabels":[],"style":{"color":"#fefefe","borderColor":"#0b006b","borderSize":1,"borderRadius":0,"borderStyle":"Solid"},"childrenLayoutStrategy":{"areChildNodesDraggable":true,"kind":"List"},"position":{"x":0.0,"y":118.59375},"size":{"width":269.6474609375,"height":70.0},"userResizable":true,"borderNodes":[],"childNodes":[],"customizedProperties":[],"defaultWidth":null,"defaultHeight":null,"labelEditable":false,"pinned":false}],"customizedProperties":[],"defaultWidth":null,"defaultHeight":null,"labelEditable":true,"pinned":false},{"id":"b03e6408-d1da-3aee-86fc-80bbf9b3d3ed","type":"node:rectangle","targetObjectId":"4382b8f4-32c1-476f-aab0-7d4417f5e7fe","targetObjectKind":"siriusComponents://semantic?domain=uml&entity=Stereotype","targetObjectLabel":"Service","descriptionId":"siriusComponents://nodeDescription?sourceKind=view&sourceId=papyrus-web-Profile%20Diagram&sourceElementId=papyrus-web-Profile%20Diagram#//@descriptions.0/@nodeDescriptions.9","borderNode":false,"modifiers":[],"state":"Normal","collapsingState":"EXPANDED","insideLabel":{"id":"641e5bff-7173-35d0-9ea5-78379ce30c1d","type":"label:inside-center","text":"«stereotype»\nService","insideLabelLocation":"TOP_CENTER","position":{"x":65.43310546875,"y":5.0},"size":{"width":112.736328125,"height":32.59375},"alignment":{"x":20.0,"y":12.9951171875},"style":{"color":"#0b006b","fontSize":14,"bold":false,"italic":false,"underline":false,"strikeThrough":false,"iconURL":["/icons-override/full/obj16/Stereotype.svg"]},"isHeader":true,"displayHeaderSeparator":true},"outsideLabels":[],"style":{"color":"#fefefe","borderColor":"#0b006b","borderSize":1,"borderRadius":0,"borderStyle":"Solid"},"childrenLayoutStrategy":{"areChildNodesDraggable":false,"kind":"List"},"position":{"x":482.0114483016597,"y":559.7659841801355},"size":{"width":243.6025390625,"height":188.59375},"userResizable":true,"borderNodes":[],"childNodes":[{"id":"9d3ca063-3142-3285-93ff-0bda02f0e2ed","type":"node:rectangle","targetObjectId":"4382b8f4-32c1-476f-aab0-7d4417f5e7fe","targetObjectKind":"siriusComponents://semantic?domain=uml&entity=Stereotype","targetObjectLabel":"Service","descriptionId":"siriusComponents://nodeDescription?sourceKind=view&sourceId=papyrus-web-Profile%20Diagram&sourceElementId=papyrus-web-Profile%20Diagram#//@descriptions.0/@nodeDescriptions.10/@childrenDescriptions.17","borderNode":false,"modifiers":[],"state":"Normal","collapsingState":"EXPANDED","insideLabel":{"id":"a2ec975a-793d-3be8-bd39-d745ce49793d","type":"label:inside-v_top-h_center","text":"","insideLabelLocation":"TOP_CENTER","position":{"x":5.0,"y":5.0},"size":{"width":0.0,"height":0.0},"alignment":{"x":0.0,"y":0.0},"style":{"color":"#0b006b","fontSize":14,"bold":false,"italic":false,"underline":false,"strikeThrough":false,"iconURL":[]},"isHeader":false,"displayHeaderSeparator":false},"outsideLabels":[],"style":{"color":"#fefefe","borderColor":"#0b006b","borderSize":1,"borderRadius":0,"borderStyle":"Solid"},"childrenLayoutStrategy":{"areChildNodesDraggable":true,"kind":"List"},"position":{"x":0.0,"y":48.59375},"size":{"width":243.6025390625,"height":70.0},"userResizable":true,"borderNodes":[],"childNodes":[{"id":"e6e3b6cd-ccf7-3011-812a-ce2046e4b149","type":"node:icon-label","targetObjectId":"d82334de-ea10-4a3a-9eb6-41d9fd4115e1","targetObjectKind":"siriusComponents://semantic?domain=uml&entity=Property","targetObjectLabel":"kind","descriptionId":"siriusComponents://nodeDescription?sourceKind=view&sourceId=papyrus-web-Profile%20Diagram&sourceElementId=papyrus-web-Profile%20Diagram#//@descriptions.0/@nodeDescriptions.10/@childrenDescriptions.0","borderNode":false,"modifiers":[],"state":"Normal","collapsingState":"EXPANDED","insideLabel":{"id":"d31d3f0a-5460-3f2f-a65b-0a4a9d1cdd3e","type":"label:inside-center","text":"+ kind: ServiceKind [1]","insideLabelLocation":"TOP_CENTER","position":{"x":5.0,"y":0.0},"size":{"width":181.95703125,"height":16.296875},"alignment":{"x":20.0,"y":12.9951171875},"style":{"color":"#0b006b","fontSize":14,"bold":false,"italic":false,"underline":false,"strikeThrough":false,"iconURL":["/icons-override/full/obj16/Property.svg"]},"isHeader":false,"displayHeaderSeparator":false},"outsideLabels":[],"style":{"backgroundColor":"transparent"},"childrenLayoutStrategy":{"areChildNodesDraggable":true,"kind":"List"},"position":{"x":0.0,"y":5.0},"size":{"width":243.6025390625,"height":16.296875},"userResizable":true,"borderNodes":[],"childNodes":[],"customizedProperties":[],"defaultWidth":null,"defaultHeight":null,"labelEditable":true,"pinned":false}],"customizedProperties":[],"defaultWidth":null,"defaultHeight":null,"labelEditable":false,"pinned":false},{"id":"67ab9e70-6eff-3ee0-a5fa-903bfca2bf58","type":"node:rectangle","targetObjectId":"4382b8f4-32c1-476f-aab0-7d4417f5e7fe","targetObjectKind":"siriusComponents://semantic?domain=uml&entity=Stereotype","targetObjectLabel":"Service","descriptionId":"siriusComponents://nodeDescription?sourceKind=view&sourceId=papyrus-web-Profile%20Diagram&sourceElementId=papyrus-web-Profile%20Diagram#//@descriptions.0/@nodeDescriptions.10/@childrenDescriptions.18","borderNode":false,"modifiers":[],"state":"Normal","collapsingState":"EXPANDED","insideLabel":{"id":"0c1d11d8-cc48-3250-8084-356c38938f8c","type":"label:inside-v_top-h_center","text":"","insideLabelLocation":"TOP_CENTER","position":{"x":5.0,"y":5.0},"size":{"width":0.0,"height":0.0},"alignment":{"x":0.0,"y":0.0},"style":{"color":"#0b006b","fontSize":14,"bold":false,"italic":false,"underline":false,"strikeThrough":false,"iconURL":[]},"isHeader":false,"displayHeaderSeparator":false},"outsideLabels":[],"style":{"color":"#fefefe","borderColor":"#0b006b","borderSize":1,"borderRadius":0,"borderStyle":"Solid"},"childrenLayoutStrategy":{"areChildNodesDraggable":true,"kind":"List"},"position":{"x":0.0,"y":118.59375},"size":{"width":243.6025390625,"height":70.0},"userResizable":true,"borderNodes":[],"childNodes":[],"customizedProperties":[],"defaultWidth":null,"defaultHeight":null,"labelEditable":false,"pinned":false}],"customizedProperties":[],"defaultWidth":null,"defaultHeight":null,"labelEditable":true,"pinned":false},{"id":"12d8a8c2-34c3-3afe-92d1-8fe1a50f2b43","type":"node:rectangle","targetObjectId":"c01b047e-6bf6-4ceb-a31c-b4839d84fb05","targetObjectKind":"siriusComponents://semantic?domain=uml&entity=Stereotype","targetObjectLabel":"Information","descriptionId":"siriusComponents://nodeDescription?sourceKind=view&sourceId=papyrus-web-Profile%20Diagram&sourceElementId=papyrus-web-Profile%20Diagram#//@descriptions.0/@nodeDescriptions.9","borderNode":false,"modifiers":[],"state":"Normal","collapsingState":"EXPANDED","insideLabel":{"id":"2f190e32-7797-368d-88a2-5e422a83bd54","type":"label:inside-center","text":"«stereotype»\nInformation","insideLabelLocation":"TOP_CENTER","position":{"x":67.92822265625,"y":5.0},"size":{"width":112.736328125,"height":32.59375},"alignment":{"x":20.0,"y":12.9951171875},"style":{"color":"#0b006b","fontSize":14,"bold":false,"italic":false,"underline":false,"strikeThrough":false,"iconURL":["/icons-override/full/obj16/Stereotype.svg"]},"isHeader":true,"displayHeaderSeparator":true},"outsideLabels":[],"style":{"color":"#fefefe","borderColor":"#0b006b","borderSize":1,"borderRadius":0,"borderStyle":"Solid"},"childrenLayoutStrategy":{"areChildNodesDraggable":false,"kind":"List"},"position":{"x":750.5685072351237,"y":380.5650320844054},"size":{"width":248.5927734375,"height":188.59375},"userResizable":true,"borderNodes":[],"childNodes":[{"id":"2df93384-4925-39c9-a2d1-d859d0769f94","type":"node:rectangle","targetObjectId":"c01b047e-6bf6-4ceb-a31c-b4839d84fb05","targetObjectKind":"siriusComponents://semantic?domain=uml&entity=Stereotype","targetObjectLabel":"Information","descriptionId":"siriusComponents://nodeDescription?sourceKind=view&sourceId=papyrus-web-Profile%20Diagram&sourceElementId=papyrus-web-Profile%20Diagram#//@descriptions.0/@nodeDescriptions.10/@childrenDescriptions.17","borderNode":false,"modifiers":[],"state":"Normal","collapsingState":"EXPANDED","insideLabel":{"id":"a2916878-e766-301f-ab26-d43eda55190b","type":"label:inside-v_top-h_center","text":"","insideLabelLocation":"TOP_CENTER","position":{"x":5.0,"y":5.0},"size":{"width":0.0,"height":0.0},"alignment":{"x":0.0,"y":0.0},"style":{"color":"#0b006b","fontSize":14,"bold":false,"italic":false,"underline":false,"strikeThrough":false,"iconURL":[]},"isHeader":false,"displayHeaderSeparator":false},"outsideLabels":[],"style":{"color":"#fefefe","borderColor":"#0b006b","borderSize":1,"borderRadius":0,"borderStyle":"Solid"},"childrenLayoutStrategy":{"areChildNodesDraggable":true,"kind":"List"},"position":{"x":0.0,"y":48.59375},"size":{"width":248.5927734375,"height":70.0},"userResizable":true,"borderNodes":[],"childNodes":[{"id":"4deaaf29-64b4-32fd-bca3-aaf684e5d5aa","type":"node:icon-label","targetObjectId":"49553cbf-cae5-4f0b-8023-d9d3045fe0ba","targetObjectKind":"siriusComponents://semantic?domain=uml&entity=Property","targetObjectLabel":"location","descriptionId":"siriusComponents://nodeDescription?sourceKind=view&sourceId=papyrus-web-Profile%20Diagram&sourceElementId=papyrus-web-Profile%20Diagram#//@descriptions.0/@nodeDescriptions.10/@childrenDescriptions.0","borderNode":false,"modifiers":[],"state":"Normal","collapsingState":"EXPANDED","insideLabel":{"id":"920f2d2e-006f-327f-b00b-ddb941b36323","type":"label:inside-center","text":"+ location: String [1]","insideLabelLocation":"TOP_CENTER","position":{"x":5.0,"y":0.0},"size":{"width":166.958984375,"height":16.296875},"alignment":{"x":20.0,"y":12.9951171875},"style":{"color":"#0b006b","fontSize":14,"bold":false,"italic":false,"underline":false,"strikeThrough":false,"iconURL":["/icons-override/full/obj16/Property.svg"]},"isHeader":false,"displayHeaderSeparator":false},"outsideLabels":[],"style":{"backgroundColor":"transparent"},"childrenLayoutStrategy":{"areChildNodesDraggable":true,"kind":"List"},"position":{"x":0.0,"y":5.0},"size":{"width":248.5927734375,"height":16.296875},"userResizable":true,"borderNodes":[],"childNodes":[],"customizedProperties":[],"defaultWidth":null,"defaultHeight":null,"labelEditable":true,"pinned":false},{"id":"d8c66ff7-f719-30be-9c1d-78dd80cde39a","type":"node:icon-label","targetObjectId":"339a2ff6-b6a6-49b4-9cd4-31d546a24671","targetObjectKind":"siriusComponents://semantic?domain=uml&entity=Property","targetObjectLabel":"record","descriptionId":"siriusComponents://nodeDescription?sourceKind=view&sourceId=papyrus-web-Profile%20Diagram&sourceElementId=papyrus-web-Profile%20Diagram#//@descriptions.0/@nodeDescriptions.10/@childrenDescriptions.0","borderNode":false,"modifiers":[],"state":"Normal","collapsingState":"EXPANDED","insideLabel":{"id":"b8e2ae9e-5a7f-3ac2-93c3-552ef4aa71a2","type":"label:inside-center","text":"+ record: String [1]","insideLabelLocation":"TOP_CENTER","position":{"x":5.0,"y":0.0},"size":{"width":156.6845703125,"height":16.296875},"alignment":{"x":20.0,"y":12.9951171875},"style":{"color":"#0b006b","fontSize":14,"bold":false,"italic":false,"underline":false,"strikeThrough":false,"iconURL":["/icons-override/full/obj16/Property.svg"]},"isHeader":false,"displayHeaderSeparator":false},"outsideLabels":[],"style":{"backgroundColor":"transparent"},"childrenLayoutStrategy":{"areChildNodesDraggable":true,"kind":"List"},"position":{"x":0.0,"y":21.296875},"size":{"width":248.5927734375,"height":16.296875},"userResizable":true,"borderNodes":[],"childNodes":[],"customizedProperties":[],"defaultWidth":null,"defaultHeight":null,"labelEditable":true,"pinned":false},{"id":"4bf40432-8961-30cb-96db-457fa55b64bb","type":"node:icon-label","targetObjectId":"a775c683-342e-48ca-b628-82d349e01212","targetObjectKind":"siriusComponents://semantic?domain=uml&entity=Property","targetObjectLabel":"kind","descriptionId":"siriusComponents://nodeDescription?sourceKind=view&sourceId=papyrus-web-Profile%20Diagram&sourceElementId=papyrus-web-Profile%20Diagram#//@descriptions.0/@nodeDescriptions.10/@childrenDescriptions.0","borderNode":false,"modifiers":[],"state":"Normal","collapsingState":"EXPANDED","insideLabel":{"id":"20bc8448-f342-36bb-a75d-a529910cded0","type":"label:inside-center","text":"+ kind: InformationKind [1]","insideLabelLocation":"TOP_CENTER","position":{"x":5.0,"y":0.0},"size":{"width":211.501953125,"height":16.296875},"alignment":{"x":20.0,"y":12.9951171875},"style":{"color":"#0b006b","fontSize":14,"bold":false,"italic":false,"underline":false,"strikeThrough":false,"iconURL":["/icons-override/full/obj16/Property.svg"]},"isHeader":false,"displayHeaderSeparator":false},"outsideLabels":[],"style":{"backgroundColor":"transparent"},"childrenLayoutStrategy":{"areChildNodesDraggable":true,"kind":"List"},"position":{"x":0.0,"y":37.59375},"size":{"width":248.5927734375,"height":16.296875},"userResizable":true,"borderNodes":[],"childNodes":[],"customizedProperties":[],"defaultWidth":null,"defaultHeight":null,"labelEditable":true,"pinned":false}],"customizedProperties":[],"defaultWidth":null,"defaultHeight":null,"labelEditable":false,"pinned":false},{"id":"375164ba-4fc1-3567-9b2d-b343f26bc74a","type":"node:rectangle","targetObjectId":"c01b047e-6bf6-4ceb-a31c-b4839d84fb05","targetObjectKind":"siriusComponents://semantic?domain=uml&entity=Stereotype","targetObjectLabel":"Information","descriptionId":"siriusComponents://nodeDescription?sourceKind=view&sourceId=papyrus-web-Profile%20Diagram&sourceElementId=papyrus-web-Profile%20Diagram#//@descriptions.0/@nodeDescriptions.10/@childrenDescriptions.18","borderNode":false,"modifiers":[],"state":"Normal","collapsingState":"EXPANDED","insideLabel":{"id":"4011fe47-903d-3d29-9000-da0f8efe07bb","type":"label:inside-v_top-h_center","text":"","insideLabelLocation":"TOP_CENTER","position":{"x":5.0,"y":5.0},"size":{"width":0.0,"height":0.0},"alignment":{"x":0.0,"y":0.0},"style":{"color":"#0b006b","fontSize":14,"bold":false,"italic":false,"underline":false,"strikeThrough":false,"iconURL":[]},"isHeader":false,"displayHeaderSeparator":false},"outsideLabels":[],"style":{"color":"#fefefe","borderColor":"#0b006b","borderSize":1,"borderRadius":0,"borderStyle":"Solid"},"childrenLayoutStrategy":{"areChildNodesDraggable":true,"kind":"List"},"position":{"x":0.0,"y":118.59375},"size":{"width":248.5927734375,"height":70.0},"userResizable":true,"borderNodes":[],"childNodes":[],"customizedProperties":[],"defaultWidth":null,"defaultHeight":null,"labelEditable":false,"pinned":false}],"customizedProperties":[],"defaultWidth":null,"defaultHeight":null,"labelEditable":true,"pinned":false},{"id":"74a10ab2-144c-36f1-9fa7-8ebbe02ca338","type":"node:rectangle","targetObjectId":"b23f486a-6cce-4749-a758-a573dcd16dd0","targetObjectKind":"siriusComponents://semantic?domain=uml&entity=Stereotype","targetObjectLabel":"IntangibleAsset","descriptionId":"siriusComponents://nodeDescription?sourceKind=view&sourceId=papyrus-web-Profile%20Diagram&sourceElementId=papyrus-web-Profile%20Diagram#//@descriptions.0/@nodeDescriptions.9","borderNode":false,"modifiers":[],"state":"Normal","collapsingState":"EXPANDED","insideLabel":{"id":"694a4031-8d40-3c02-911c-77e195ef5254","type":"label:inside-center","text":"«stereotype»\nIntangibleAsset","insideLabelLocation":"TOP_CENTER","position":{"x":63.7548828125,"y":5.0},"size":{"width":128.376953125,"height":32.59375},"alignment":{"x":20.0,"y":12.9951171875},"style":{"color":"#0b006b","fontSize":14,"bold":false,"italic":false,"underline":false,"strikeThrough":false,"iconURL":["/icons-override/full/obj16/Stereotype.svg"]},"isHeader":true,"displayHeaderSeparator":true},"outsideLabels":[],"style":{"color":"#fefefe","borderColor":"#0b006b","borderSize":1,"borderRadius":0,"borderStyle":"Solid"},"childrenLayoutStrategy":{"areChildNodesDraggable":false,"kind":"List"},"position":{"x":1021.964832220111,"y":491.8394043226858},"size":{"width":255.88671875,"height":188.59375},"userResizable":true,"borderNodes":[],"childNodes":[{"id":"a2ce9806-9ae4-3dc5-8cbb-8d5738c2eaad","type":"node:rectangle","targetObjectId":"b23f486a-6cce-4749-a758-a573dcd16dd0","targetObjectKind":"siriusComponents://semantic?domain=uml&entity=Stereotype","targetObjectLabel":"IntangibleAsset","descriptionId":"siriusComponents://nodeDescription?sourceKind=view&sourceId=papyrus-web-Profile%20Diagram&sourceElementId=papyrus-web-Profile%20Diagram#//@descriptions.0/@nodeDescriptions.10/@childrenDescriptions.17","borderNode":false,"modifiers":[],"state":"Normal","collapsingState":"EXPANDED","insideLabel":{"id":"f5606c24-7e93-3296-967b-76456a045bd6","type":"label:inside-v_top-h_center","text":"","insideLabelLocation":"TOP_CENTER","position":{"x":5.0,"y":5.0},"size":{"width":0.0,"height":0.0},"alignment":{"x":0.0,"y":0.0},"style":{"color":"#0b006b","fontSize":14,"bold":false,"italic":false,"underline":false,"strikeThrough":false,"iconURL":[]},"isHeader":false,"displayHeaderSeparator":false},"outsideLabels":[],"style":{"color":"#fefefe","borderColor":"#0b006b","borderSize":1,"borderRadius":0,"borderStyle":"Solid"},"childrenLayoutStrategy":{"areChildNodesDraggable":true,"kind":"List"},"position":{"x":0.0,"y":48.59375},"size":{"width":255.88671875,"height":70.0},"userResizable":true,"borderNodes":[],"childNodes":[{"id":"f43d5855-3c29-30c3-9487-5878de93996d","type":"node:icon-label","targetObjectId":"603dc650-7cb2-4a2a-ab8c-46b2b1ae4dff","targetObjectKind":"siriusComponents://semantic?domain=uml&entity=Property","targetObjectLabel":"kind","descriptionId":"siriusComponents://nodeDescription?sourceKind=view&sourceId=papyrus-web-Profile%20Diagram&sourceElementId=papyrus-web-Profile%20Diagram#//@descriptions.0/@nodeDescriptions.10/@childrenDescriptions.0","borderNode":false,"modifiers":[],"state":"Normal","collapsingState":"EXPANDED","insideLabel":{"id":"84c10443-4b18-3c41-abf3-27d397121f18","type":"label:inside-center","text":"+ kind: IntangibleAssetKind [1]","insideLabelLocation":"TOP_CENTER","position":{"x":5.0,"y":0.0},"size":{"width":238.5927734375,"height":16.296875},"alignment":{"x":20.0,"y":12.9951171875},"style":{"color":"#0b006b","fontSize":14,"bold":false,"italic":false,"underline":false,"strikeThrough":false,"iconURL":["/icons-override/full/obj16/Property.svg"]},"isHeader":false,"displayHeaderSeparator":false},"outsideLabels":[],"style":{"backgroundColor":"transparent"},"childrenLayoutStrategy":{"areChildNodesDraggable":true,"kind":"List"},"position":{"x":0.0,"y":5.0},"size":{"width":255.88671875,"height":16.296875},"userResizable":true,"borderNodes":[],"childNodes":[],"customizedProperties":[],"defaultWidth":null,"defaultHeight":null,"labelEditable":true,"pinned":false},{"id":"b26337c1-be52-3d44-9787-8dcf2da36420","type":"node:icon-label","targetObjectId":"3e401d33-d0c2-470b-a700-c686b1a9c1d6","targetObjectKind":"siriusComponents://semantic?domain=uml&entity=Property","targetObjectLabel":"description","descriptionId":"siriusComponents://nodeDescription?sourceKind=view&sourceId=papyrus-web-Profile%20Diagram&sourceElementId=papyrus-web-Profile%20Diagram#//@descriptions.0/@nodeDescriptions.10/@childrenDescriptions.0","borderNode":false,"modifiers":[],"state":"Normal","collapsingState":"EXPANDED","insideLabel":{"id":"0e7b8bec-35bf-3b2b-a8d3-3adeacd98a6f","type":"label:inside-center","text":"+ description: String [1]","insideLabelLocation":"TOP_CENTER","position":{"x":5.0,"y":0.0},"size":{"width":189.2509765625,"height":16.296875},"alignment":{"x":20.0,"y":12.9951171875},"style":{"color":"#0b006b","fontSize":14,"bold":false,"italic":false,"underline":false,"strikeThrough":false,"iconURL":["/icons-override/full/obj16/Property.svg"]},"isHeader":false,"displayHeaderSeparator":false},"outsideLabels":[],"style":{"backgroundColor":"transparent"},"childrenLayoutStrategy":{"areChildNodesDraggable":true,"kind":"List"},"position":{"x":0.0,"y":21.296875},"size":{"width":255.88671875,"height":16.296875},"userResizable":true,"borderNodes":[],"childNodes":[],"customizedProperties":[],"defaultWidth":null,"defaultHeight":null,"labelEditable":true,"pinned":false}],"customizedProperties":[],"defaultWidth":null,"defaultHeight":null,"labelEditable":false,"pinned":false},{"id":"c1fcafd3-eeb1-32b8-8220-e2d693619496","type":"node:rectangle","targetObjectId":"b23f486a-6cce-4749-a758-a573dcd16dd0","targetObjectKind":"siriusComponents://semantic?domain=uml&entity=Stereotype","targetObjectLabel":"IntangibleAsset","descriptionId":"siriusComponents://nodeDescription?sourceKind=view&sourceId=papyrus-web-Profile%20Diagram&sourceElementId=papyrus-web-Profile%20Diagram#//@descriptions.0/@nodeDescriptions.10/@childrenDescriptions.18","borderNode":false,"modifiers":[],"state":"Normal","collapsingState":"EXPANDED","insideLabel":{"id":"ad79245b-02d4-38f5-9be7-b3483c003d6e","type":"label:inside-v_top-h_center","text":"","insideLabelLocation":"TOP_CENTER","position":{"x":5.0,"y":5.0},"size":{"width":0.0,"height":0.0},"alignment":{"x":0.0,"y":0.0},"style":{"color":"#0b006b","fontSize":14,"bold":false,"italic":false,"underline":false,"strikeThrough":false,"iconURL":[]},"isHeader":false,"displayHeaderSeparator":false},"outsideLabels":[],"style":{"color":"#fefefe","borderColor":"#0b006b","borderSize":1,"borderRadius":0,"borderStyle":"Solid"},"childrenLayoutStrategy":{"areChildNodesDraggable":true,"kind":"List"},"position":{"x":0.0,"y":118.59375},"size":{"width":255.88671875,"height":70.0},"userResizable":true,"borderNodes":[],"childNodes":[],"customizedProperties":[],"defaultWidth":null,"defaultHeight":null,"labelEditable":false,"pinned":false}],"customizedProperties":[],"defaultWidth":null,"defaultHeight":null,"labelEditable":true,"pinned":false}],"edges":[{"id":"a08f600e-d422-3488-90b4-ef754d04370f","type":"edge:straight","targetObjectId":"cab83325-47ca-4b0c-a9b8-b05e2db94ca6","targetObjectKind":"siriusComponents://semantic?domain=uml&entity=Extension","targetObjectLabel":"E_Asset_Class1","descriptionId":"siriusComponents://edgeDescription?sourceKind=view&sourceId=papyrus-web-Profile%20Diagram&sourceElementId=papyrus-web-Profile%20Diagram#//@descriptions.0/@edgeDescriptions.3","beginLabel":null,"centerLabel":{"id":"a549d3d3-4f03-38c0-b889-ac4664fb0f7b","type":"label:edge-center","text":"E_Asset_Class1","position":{"x":-1.0,"y":-1.0},"size":{"width":106.8525390625,"height":16.296875},"alignment":{"x":0.0,"y":12.9951171875},"style":{"color":"#0b006b","fontSize":14,"bold":false,"italic":false,"underline":false,"strikeThrough":false,"iconURL":[]}},"endLabel":null,"sourceId":"28749df1-b3b6-38a0-80ec-f64ddaf653ed","targetId":"447c5c02-d690-3b40-a996-63796bb32c32","modifiers":[],"state":"Normal","style":{"size":1,"lineStyle":"Solid","sourceArrow":"None","targetArrow":"InputFillClosedArrow","color":"#0b006b"},"routingPoints":[],"sourceAnchorRelativePosition":{"x":-1.5886589445090065,"y":-1.140414013494559},"targetAnchorRelativePosition":{"x":-1.6610537980500226,"y":-3.125189538271691}},{"id":"bcaa1b9e-0d11-3f03-88ff-3fc592091350","type":"edge:straight","targetObjectId":"5fdd3b5f-5cf3-4758-9732-e7258d433f73","targetObjectKind":"siriusComponents://semantic?domain=uml&entity=Generalization","targetObjectLabel":"","descriptionId":"siriusComponents://edgeDescription?sourceKind=view&sourceId=papyrus-web-Profile%20Diagram&sourceElementId=papyrus-web-Profile%20Diagram#//@descriptions.0/@edgeDescriptions.4","beginLabel":null,"centerLabel":{"id":"2fe5cd32-809c-37fa-a1ce-033c7236a23f","type":"label:edge-center","text":"","position":{"x":-1.0,"y":-1.0},"size":{"width":0.0,"height":16.296875},"alignment":{"x":0.0,"y":12.9951171875},"style":{"color":"#0b006b","fontSize":14,"bold":false,"italic":false,"underline":false,"strikeThrough":false,"iconURL":[]}},"endLabel":null,"sourceId":"b03e6408-d1da-3aee-86fc-80bbf9b3d3ed","targetId":"28749df1-b3b6-38a0-80ec-f64ddaf653ed","modifiers":[],"state":"Normal","style":{"size":1,"lineStyle":"Solid","sourceArrow":"None","targetArrow":"InputClosedArrow","color":"#0b006b"},"routingPoints":[],"sourceAnchorRelativePosition":{"x":-2.16,"y":-2.1713338856669426},"targetAnchorRelativePosition":{"x":-1.5886589445090065,"y":-1.140414013494559}},{"id":"b35732a7-a115-32be-b73b-d50918ccc00d","type":"edge:straight","targetObjectId":"5eca0ca9-d78f-4869-96cd-2d79ca81e753","targetObjectKind":"siriusComponents://semantic?domain=uml&entity=Generalization","targetObjectLabel":"","descriptionId":"siriusComponents://edgeDescription?sourceKind=view&sourceId=papyrus-web-Profile%20Diagram&sourceElementId=papyrus-web-Profile%20Diagram#//@descriptions.0/@edgeDescriptions.4","beginLabel":null,"centerLabel":{"id":"407ccd9a-96b4-33ef-a30d-02f6271bfdf2","type":"label:edge-center","text":"","position":{"x":-1.0,"y":-1.0},"size":{"width":0.0,"height":16.296875},"alignment":{"x":0.0,"y":12.9951171875},"style":{"color":"#0b006b","fontSize":14,"bold":false,"italic":false,"underline":false,"strikeThrough":false,"iconURL":[]}},"endLabel":null,"sourceId":"12d8a8c2-34c3-3afe-92d1-8fe1a50f2b43","targetId":"28749df1-b3b6-38a0-80ec-f64ddaf653ed","modifiers":[],"state":"Normal","style":{"size":1,"lineStyle":"Solid","sourceArrow":"None","targetArrow":"InputClosedArrow","color":"#0b006b"},"routingPoints":[],"sourceAnchorRelativePosition":{"x":-3.66,"y":-2.2826843413421707},"targetAnchorRelativePosition":{"x":-1.5886589445090065,"y":-1.140414013494559}},{"id":"890871c4-2fd4-3379-9eb2-08c1f23fb85c","type":"edge:straight","targetObjectId":"649e0de5-dca0-4da9-9b0f-177a5bcba9bb","targetObjectKind":"siriusComponents://semantic?domain=uml&entity=Generalization","targetObjectLabel":"","descriptionId":"siriusComponents://edgeDescription?sourceKind=view&sourceId=papyrus-web-Profile%20Diagram&sourceElementId=papyrus-web-Profile%20Diagram#//@descriptions.0/@edgeDescriptions.4","beginLabel":null,"centerLabel":{"id":"8753060d-7a30-3e34-916f-97576f19a539","type":"label:edge-center","text":"","position":{"x":-1.0,"y":-1.0},"size":{"width":0.0,"height":16.296875},"alignment":{"x":0.0,"y":12.9951171875},"style":{"color":"#0b006b","fontSize":14,"bold":false,"italic":false,"underline":false,"strikeThrough":false,"iconURL":[]}},"endLabel":null,"sourceId":"74a10ab2-144c-36f1-9fa7-8ebbe02ca338","targetId":"28749df1-b3b6-38a0-80ec-f64ddaf653ed","modifiers":[],"state":"Normal","style":{"size":1,"lineStyle":"Solid","sourceArrow":"None","targetArrow":"InputClosedArrow","color":"#0b006b"},"routingPoints":[],"sourceAnchorRelativePosition":{"x":-4.693333333333333,"y":-2.335708367854184},"targetAnchorRelativePosition":{"x":-1.5886589445090065,"y":-1.140414013494559}}],"layoutData":{"nodeLayoutData":{"b26337c1-be52-3d44-9787-8dcf2da36420":{"id":"b26337c1-be52-3d44-9787-8dcf2da36420","position":{"x":1.0,"y":21.015625},"size":{"width":235.390625,"height":20.015625},"resizedByUser":false},"bf25539d-c0d4-3d36-abac-5591efdd9de3":{"id":"bf25539d-c0d4-3d36-abac-5591efdd9de3","position":{"x":1.0,"y":21.015625},"size":{"width":203.015625,"height":20.015625},"resizedByUser":false},"b03e6408-d1da-3aee-86fc-80bbf9b3d3ed":{"id":"b03e6408-d1da-3aee-86fc-80bbf9b3d3ed","position":{"x":190.0,"y":408.5},"size":{"width":187.140625,"height":199.03125},"resizedByUser":false},"447c5c02-d690-3b40-a996-63796bb32c32":{"id":"447c5c02-d690-3b40-a996-63796bb32c32","position":{"x":466.5835303314899,"y":52.9570220157114},"size":{"width":154.25,"height":72.03125},"resizedByUser":false},"74a10ab2-144c-36f1-9fa7-8ebbe02ca338":{"id":"74a10ab2-144c-36f1-9fa7-8ebbe02ca338","position":{"x":752.5310727909657,"y":337.44226192240313},"size":{"width":237.390625,"height":199.03125},"resizedByUser":false},"baddad09-a89c-37c6-b1d0-e48ee39b93eb":{"id":"baddad09-a89c-37c6-b1d0-e48ee39b93eb","position":{"x":1.0,"y":1.0},"size":{"width":181.1875,"height":20.015625},"resizedByUser":false},"1a4b6060-4777-308a-95db-e1a529451c81":{"id":"1a4b6060-4777-308a-95db-e1a529451c81","position":{"x":1.0,"y":21.015625},"size":{"width":206.421875,"height":20.015625},"resizedByUser":false},"00564fc3-e91f-36cc-b8ff-1de1e3cfdf5f":{"id":"00564fc3-e91f-36cc-b8ff-1de1e3cfdf5f","position":{"x":1.0,"y":181.140625},"size":{"width":216.96875,"height":20.015625},"resizedByUser":false},"375164ba-4fc1-3567-9b2d-b343f26bc74a":{"id":"375164ba-4fc1-3567-9b2d-b343f26bc74a","position":{"x":1.0,"y":128.03125},"size":{"width":209.09375,"height":70.0},"resizedByUser":false},"11a4a92b-9ce8-364e-962c-328ee9a63b6b":{"id":"11a4a92b-9ce8-364e-962c-328ee9a63b6b","position":{"x":1.0,"y":41.03125},"size":{"width":216.96875,"height":20.015625},"resizedByUser":false},"406fa402-439a-3333-9cb9-0e123015e4ed":{"id":"406fa402-439a-3333-9cb9-0e123015e4ed","position":{"x":1.0,"y":161.125},"size":{"width":216.96875,"height":20.015625},"resizedByUser":false},"73d255f5-e00b-34f7-8257-4d5a91ad523c":{"id":"73d255f5-e00b-34f7-8257-4d5a91ad523c","position":{"x":1.0,"y":58.03125},"size":{"width":181.1875,"height":162.125},"resizedByUser":false},"8e398b8a-31f2-3bde-8522-becefb008ea4":{"id":"8e398b8a-31f2-3bde-8522-becefb008ea4","position":{"x":431.7833062655435,"y":659.4140440314228},"size":{"width":183.1875,"height":221.15625},"resizedByUser":false},"73ca19ce-709e-386b-8d8a-d4ed0c755af8":{"id":"73ca19ce-709e-386b-8d8a-d4ed0c755af8","position":{"x":1.0,"y":101.078125},"size":{"width":216.96875,"height":20.015625},"resizedByUser":false},"55943eb5-1439-3e43-bcea-5ede3d30b7ee":{"id":"55943eb5-1439-3e43-bcea-5ede3d30b7ee","position":{"x":1.0,"y":41.03125},"size":{"width":203.015625,"height":20.015625},"resizedByUser":false},"a2ce9806-9ae4-3dc5-8cbb-8d5738c2eaad":{"id":"a2ce9806-9ae4-3dc5-8cbb-8d5738c2eaad","position":{"x":1.0,"y":58.03125},"size":{"width":235.390625,"height":70.0},"resizedByUser":false},"e1a3b956-488e-3b8d-9dea-25372549c580":{"id":"e1a3b956-488e-3b8d-9dea-25372549c580","position":{"x":1.0,"y":121.09375},"size":{"width":181.1875,"height":20.015625},"resizedByUser":false},"ef8f1cb0-67ef-35ff-a32e-e31e130bb7d1":{"id":"ef8f1cb0-67ef-35ff-a32e-e31e130bb7d1","position":{"x":685.8952607587986,"y":658.7669486300068},"size":{"width":205.015625,"height":201.140625},"resizedByUser":false},"33541179-cbdd-3f00-8fb7-620f4728b996":{"id":"33541179-cbdd-3f00-8fb7-620f4728b996","position":{"x":1.0,"y":81.0625},"size":{"width":181.1875,"height":20.015625},"resizedByUser":false},"d3648699-01b9-3569-a8f9-13b0f3cc0b2e":{"id":"d3648699-01b9-3569-a8f9-13b0f3cc0b2e","position":{"x":1.0,"y":41.03125},"size":{"width":206.421875,"height":20.015625},"resizedByUser":false},"b1c53bca-8a41-3fe7-a790-514bebad4473":{"id":"b1c53bca-8a41-3fe7-a790-514bebad4473","position":{"x":1.0,"y":1.0},"size":{"width":203.015625,"height":20.015625},"resizedByUser":false},"aea034c4-85bd-30cb-b5df-b20ecc90e192":{"id":"aea034c4-85bd-30cb-b5df-b20ecc90e192","position":{"x":1.0,"y":101.078125},"size":{"width":203.015625,"height":20.015625},"resizedByUser":false},"210f9ea7-1be6-39c2-b69f-53a462447c83":{"id":"210f9ea7-1be6-39c2-b69f-53a462447c83","position":{"x":1.0,"y":141.109375},"size":{"width":181.1875,"height":20.015625},"resizedByUser":false},"635bf73d-27f7-3a09-b914-418cf04cca28":{"id":"635bf73d-27f7-3a09-b914-418cf04cca28","position":{"x":1.0,"y":61.046875},"size":{"width":216.96875,"height":20.015625},"resizedByUser":false},"67ab9e70-6eff-3ee0-a5fa-903bfca2bf58":{"id":"67ab9e70-6eff-3ee0-a5fa-903bfca2bf58","position":{"x":1.0,"y":128.03125},"size":{"width":185.140625,"height":70.0},"resizedByUser":false},"2ac4f15b-ae83-38e3-b5ec-5a3134a606d0":{"id":"2ac4f15b-ae83-38e3-b5ec-5a3134a606d0","position":{"x":1.0,"y":221.171875},"size":{"width":216.96875,"height":20.015625},"resizedByUser":false},"8ff4c9b9-723b-31b5-b375-a9361cb02409":{"id":"8ff4c9b9-723b-31b5-b375-a9361cb02409","position":{"x":1.0,"y":241.1875},"size":{"width":216.96875,"height":20.015625},"resizedByUser":false},"12d8a8c2-34c3-3afe-92d1-8fe1a50f2b43":{"id":"12d8a8c2-34c3-3afe-92d1-8fe1a50f2b43","position":{"x":418.0,"y":399.5},"size":{"width":211.09375,"height":199.03125},"resizedByUser":false},"504c08d2-4937-37b2-8a27-0a85944d5ddf":{"id":"504c08d2-4937-37b2-8a27-0a85944d5ddf","position":{"x":1.0,"y":121.09375},"size":{"width":203.015625,"height":20.015625},"resizedByUser":false},"287959f1-3683-3bcc-a995-cdef6b6a03b6":{"id":"287959f1-3683-3bcc-a995-cdef6b6a03b6","position":{"x":1.0,"y":101.078125},"size":{"width":181.1875,"height":20.015625},"resizedByUser":false},"4deaaf29-64b4-32fd-bca3-aaf684e5d5aa":{"id":"4deaaf29-64b4-32fd-bca3-aaf684e5d5aa","position":{"x":1.0,"y":1.0},"size":{"width":209.09375,"height":20.015625},"resizedByUser":false},"d0f4d2bb-5390-382e-9f08-3ed05bc69b8c":{"id":"d0f4d2bb-5390-382e-9f08-3ed05bc69b8c","position":{"x":1.0,"y":1.0},"size":{"width":216.96875,"height":20.015625},"resizedByUser":false},"c8721213-3040-38cb-af16-83cdddc1e3f4":{"id":"c8721213-3040-38cb-af16-83cdddc1e3f4","position":{"x":1.0,"y":141.109375},"size":{"width":216.96875,"height":20.015625},"resizedByUser":false},"d8c66ff7-f719-30be-9c1d-78dd80cde39a":{"id":"d8c66ff7-f719-30be-9c1d-78dd80cde39a","position":{"x":1.0,"y":21.015625},"size":{"width":209.09375,"height":20.015625},"resizedByUser":false},"78ea51ca-75e7-352d-a7a5-fa435b2b067a":{"id":"78ea51ca-75e7-352d-a7a5-fa435b2b067a","position":{"x":1.0,"y":281.21875},"size":{"width":216.96875,"height":20.015625},"resizedByUser":false},"178e5963-eddf-307b-a29f-047ab432e61e":{"id":"178e5963-eddf-307b-a29f-047ab432e61e","position":{"x":171.0,"y":645.5},"size":{"width":218.96875,"height":361.265625},"resizedByUser":false},"8a607dae-72a7-3966-8a20-ee642d16ca87":{"id":"8a607dae-72a7-3966-8a20-ee642d16ca87","position":{"x":1.0,"y":61.046875},"size":{"width":181.1875,"height":20.015625},"resizedByUser":false},"f43d5855-3c29-30c3-9487-5878de93996d":{"id":"f43d5855-3c29-30c3-9487-5878de93996d","position":{"x":1.0,"y":1.0},"size":{"width":235.390625,"height":20.015625},"resizedByUser":false},"28749df1-b3b6-38a0-80ec-f64ddaf653ed":{"id":"28749df1-b3b6-38a0-80ec-f64ddaf653ed","position":{"x":344.0,"y":176.5},"size":{"width":208.421875,"height":129.03125},"resizedByUser":true},"1a15de2e-dc43-39c5-9978-44a5d45f19fd":{"id":"1a15de2e-dc43-39c5-9978-44a5d45f19fd","position":{"x":1.0,"y":58.03125},"size":{"width":203.015625,"height":142.109375},"resizedByUser":false},"907e03df-54eb-3bfd-afed-57cff854bbd2":{"id":"907e03df-54eb-3bfd-afed-57cff854bbd2","position":{"x":1.0,"y":21.015625},"size":{"width":216.96875,"height":20.015625},"resizedByUser":false},"9d3ca063-3142-3285-93ff-0bda02f0e2ed":{"id":"9d3ca063-3142-3285-93ff-0bda02f0e2ed","position":{"x":1.0,"y":58.03125},"size":{"width":185.140625,"height":70.0},"resizedByUser":false},"2df93384-4925-39c9-a2d1-d859d0769f94":{"id":"2df93384-4925-39c9-a2d1-d859d0769f94","position":{"x":1.0,"y":58.03125},"size":{"width":209.09375,"height":70.0},"resizedByUser":false},"82a5bcb2-d9e8-3520-961f-6200aefde6b4":{"id":"82a5bcb2-d9e8-3520-961f-6200aefde6b4","position":{"x":1.0,"y":1.0},"size":{"width":206.421875,"height":20.015625},"resizedByUser":false},"41a015f2-e52e-3052-af7c-44495daa09ee":{"id":"41a015f2-e52e-3052-af7c-44495daa09ee","position":{"x":1.0,"y":61.046875},"size":{"width":203.015625,"height":20.015625},"resizedByUser":false},"c1fcafd3-eeb1-32b8-8220-e2d693619496":{"id":"c1fcafd3-eeb1-32b8-8220-e2d693619496","position":{"x":1.0,"y":128.03125},"size":{"width":235.390625,"height":70.0},"resizedByUser":false},"df5c2b44-9729-36e4-8d1f-14bafb70bc4f":{"id":"df5c2b44-9729-36e4-8d1f-14bafb70bc4f","position":{"x":1.0,"y":201.15625},"size":{"width":216.96875,"height":20.015625},"resizedByUser":false},"133a3071-7b56-3dca-a227-9d0afe7d8cb6":{"id":"133a3071-7b56-3dca-a227-9d0afe7d8cb6","position":{"x":1.0,"y":128.03125},"size":{"width":206.421875,"height":70.0},"resizedByUser":false},"4bf40432-8961-30cb-96db-457fa55b64bb":{"id":"4bf40432-8961-30cb-96db-457fa55b64bb","position":{"x":1.0,"y":41.03125},"size":{"width":209.09375,"height":20.015625},"resizedByUser":false},"2df30886-7b48-3976-ac17-32184b7403e4":{"id":"2df30886-7b48-3976-ac17-32184b7403e4","position":{"x":1.0,"y":261.203125},"size":{"width":216.96875,"height":20.015625},"resizedByUser":false},"1ed35c02-4a57-3c4f-953f-d7a361c02658":{"id":"1ed35c02-4a57-3c4f-953f-d7a361c02658","position":{"x":1.0,"y":41.03125},"size":{"width":181.1875,"height":20.015625},"resizedByUser":false},"4768abdc-7df7-3366-a458-9ef20d3748df":{"id":"4768abdc-7df7-3366-a458-9ef20d3748df","position":{"x":1.0,"y":81.0625},"size":{"width":203.015625,"height":20.015625},"resizedByUser":false},"ba9cc473-07e4-382c-827b-3c3225191fdb":{"id":"ba9cc473-07e4-382c-827b-3c3225191fdb","position":{"x":1.0,"y":121.09375},"size":{"width":216.96875,"height":20.015625},"resizedByUser":false},"6ccfc27f-7e7b-3f37-ac54-9149c428015a":{"id":"6ccfc27f-7e7b-3f37-ac54-9149c428015a","position":{"x":1.0,"y":58.03125},"size":{"width":216.96875,"height":302.234375},"resizedByUser":false},"3cdb722a-9e4f-30c8-8190-e2c0dff7526b":{"id":"3cdb722a-9e4f-30c8-8190-e2c0dff7526b","position":{"x":1.0,"y":21.015625},"size":{"width":181.1875,"height":20.015625},"resizedByUser":false},"2bca25af-37fc-3970-9e41-1e74719e496f":{"id":"2bca25af-37fc-3970-9e41-1e74719e496f","position":{"x":1.0,"y":58.03125},"size":{"width":206.421875,"height":70.0},"resizedByUser":false},"9110b419-f7f2-301b-a60a-16fda8269569":{"id":"9110b419-f7f2-301b-a60a-16fda8269569","position":{"x":1.0,"y":81.0625},"size":{"width":216.96875,"height":20.015625},"resizedByUser":false},"e6e3b6cd-ccf7-3011-812a-ce2046e4b149":{"id":"e6e3b6cd-ccf7-3011-812a-ce2046e4b149","position":{"x":1.0,"y":1.0},"size":{"width":185.140625,"height":20.015625},"resizedByUser":false}},"edgeLayoutData":{},"labelLayoutData":{}}}}