{"id":"5dbc9f3f-77fe-4a58-bd9b-e5f598b83c1c","projectId":"64c747e5-7c16-4e5a-a2a9-e8822428263e","descriptionId":"siriusComponents://representationDescription?kind=diagramDescription&sourceKind=view&sourceId=papyrus-web-Profile%20Diagram&sourceElementId=papyrus-web-Profile%20Diagram#//@descriptions.0","targetObjectId":"1a3050f1-9572-44c2-b5e4-07f9238c3e15","label":"ComponentCategories","kind":"siriusComponents://representation?type=Diagram","representation":{"id":"5dbc9f3f-77fe-4a58-bd9b-e5f598b83c1c","kind":"siriusComponents://representation?type=Diagram","targetObjectId":"1a3050f1-9572-44c2-b5e4-07f9238c3e15","descriptionId":"siriusComponents://representationDescription?kind=diagramDescription&sourceKind=view&sourceId=papyrus-web-Profile%20Diagram&sourceElementId=papyrus-web-Profile%20Diagram#//@descriptions.0","label":"ComponentCategories","position":{"x":0.0,"y":0.0},"size":{"width":1324.1502220455861,"height":1013.5840502907681},"nodes":[{"id":"2b450e0c-cb65-398e-bbd5-ab4321d24ac1","type":"node:rectangle","targetObjectId":"d8358bc8-56d3-4e20-b992-aae02af72617","targetObjectKind":"siriusComponents://semantic?domain=uml&entity=Enumeration","targetObjectLabel":"ComponentAnnotationKind","descriptionId":"siriusComponents://nodeDescription?sourceKind=view&sourceId=papyrus-web-Profile%20Diagram&sourceElementId=papyrus-web-Profile%20Diagram#//@descriptions.0/@nodeDescriptions.4","borderNode":false,"modifiers":[],"state":"Normal","collapsingState":"EXPANDED","insideLabel":{"id":"4ac6037b-5047-3329-9850-870cfdc14072","type":"label:inside-center","text":"«enumeration»\nComponentAnnotationKind","insideLabelLocation":"TOP_CENTER","position":{"x":12.61181640625,"y":5.0},"size":{"width":208.8837890625,"height":32.59375},"alignment":{"x":20.0,"y":12.9951171875},"style":{"color":"#0b006b","fontSize":14,"bold":false,"italic":false,"underline":false,"strikeThrough":false,"iconURL":["/icons-override/full/obj16/Enumeration.svg"]},"isHeader":true,"displayHeaderSeparator":true},"outsideLabels":[],"style":{"color":"#fefefe","borderColor":"#0b006b","borderSize":1,"borderRadius":0,"borderStyle":"Solid"},"childrenLayoutStrategy":{"areChildNodesDraggable":false,"kind":"List"},"position":{"x":279.13392703579433,"y":540.5684252907681},"size":{"width":234.107421875,"height":461.015625},"userResizable":true,"borderNodes":[],"childNodes":[{"id":"cb5beb39-ce1c-395c-9528-ba5d388edc24","type":"node:rectangle","targetObjectId":"d8358bc8-56d3-4e20-b992-aae02af72617","targetObjectKind":"siriusComponents://semantic?domain=uml&entity=Enumeration","targetObjectLabel":"ComponentAnnotationKind","descriptionId":"siriusComponents://nodeDescription?sourceKind=view&sourceId=papyrus-web-Profile%20Diagram&sourceElementId=papyrus-web-Profile%20Diagram#//@descriptions.0/@nodeDescriptions.10/@childrenDescriptions.12","borderNode":false,"modifiers":[],"state":"Normal","collapsingState":"EXPANDED","insideLabel":{"id":"0946a948-d6d7-3f3b-8195-3da6a75340e1","type":"label:inside-v_top-h_center","text":"","insideLabelLocation":"TOP_CENTER","position":{"x":5.0,"y":5.0},"size":{"width":0.0,"height":0.0},"alignment":{"x":0.0,"y":0.0},"style":{"color":"#0b006b","fontSize":14,"bold":false,"italic":false,"underline":false,"strikeThrough":false,"iconURL":[]},"isHeader":false,"displayHeaderSeparator":false},"outsideLabels":[],"style":{"color":"#fefefe","borderColor":"#0b006b","borderSize":1,"borderRadius":0,"borderStyle":"Solid"},"childrenLayoutStrategy":{"areChildNodesDraggable":true,"kind":"List"},"position":{"x":0.0,"y":48.59375},"size":{"width":234.107421875,"height":412.421875},"userResizable":true,"borderNodes":[],"childNodes":[{"id":"86e04613-d319-347f-afc8-66a4995566e6","type":"node:icon-label","targetObjectId":"250a8848-d505-4947-8e55-5818cfb88188","targetObjectKind":"siriusComponents://semantic?domain=uml&entity=EnumerationLiteral","targetObjectLabel":"configurationChange","descriptionId":"siriusComponents://nodeDescription?sourceKind=view&sourceId=papyrus-web-Profile%20Diagram&sourceElementId=papyrus-web-Profile%20Diagram#//@descriptions.0/@nodeDescriptions.10/@childrenDescriptions.12/@childrenDescriptions.0","borderNode":false,"modifiers":[],"state":"Normal","collapsingState":"EXPANDED","insideLabel":{"id":"7e146a9d-1372-3872-b123-fab1834a9939","type":"label:inside-center","text":"configurationChange","insideLabelLocation":"TOP_CENTER","position":{"x":5.0,"y":0.0},"size":{"width":166.466796875,"height":16.296875},"alignment":{"x":20.0,"y":12.9951171875},"style":{"color":"#0b006b","fontSize":14,"bold":false,"italic":false,"underline":false,"strikeThrough":false,"iconURL":["/icons-override/full/obj16/EnumerationLiteral.svg"]},"isHeader":false,"displayHeaderSeparator":false},"outsideLabels":[],"style":{"backgroundColor":"transparent"},"childrenLayoutStrategy":{"areChildNodesDraggable":true,"kind":"List"},"position":{"x":0.0,"y":5.0},"size":{"width":234.107421875,"height":16.296875},"userResizable":true,"borderNodes":[],"childNodes":[],"customizedProperties":[],"defaultWidth":null,"defaultHeight":null,"labelEditable":true,"pinned":false},{"id":"f86c2b71-80c6-3f97-84e6-7be06f5184cd","type":"node:icon-label","targetObjectId":"58d839a3-df33-4717-bfdf-3d58127bbf28","targetObjectKind":"siriusComponents://semantic?domain=uml&entity=EnumerationLiteral","targetObjectLabel":"accessPermission","descriptionId":"siriusComponents://nodeDescription?sourceKind=view&sourceId=papyrus-web-Profile%20Diagram&sourceElementId=papyrus-web-Profile%20Diagram#//@descriptions.0/@nodeDescriptions.10/@childrenDescriptions.12/@childrenDescriptions.0","borderNode":false,"modifiers":[],"state":"Normal","collapsingState":"EXPANDED","insideLabel":{"id":"0f085638-0b66-3946-a183-70aae85591cc","type":"label:inside-center","text":"accessPermission","insideLabelLocation":"TOP_CENTER","position":{"x":5.0,"y":0.0},"size":{"width":143.4296875,"height":16.296875},"alignment":{"x":20.0,"y":12.9951171875},"style":{"color":"#0b006b","fontSize":14,"bold":false,"italic":false,"underline":false,"strikeThrough":false,"iconURL":["/icons-override/full/obj16/EnumerationLiteral.svg"]},"isHeader":false,"displayHeaderSeparator":false},"outsideLabels":[],"style":{"backgroundColor":"transparent"},"childrenLayoutStrategy":{"areChildNodesDraggable":true,"kind":"List"},"position":{"x":0.0,"y":21.296875},"size":{"width":234.107421875,"height":16.296875},"userResizable":true,"borderNodes":[],"childNodes":[],"customizedProperties":[],"defaultWidth":null,"defaultHeight":null,"labelEditable":true,"pinned":false},{"id":"7ed18ad3-b1bd-3842-b3f7-904a1e703bd1","type":"node:icon-label","targetObjectId":"dec425fe-f0e7-41ff-9927-113af77ffefd","targetObjectKind":"siriusComponents://semantic?domain=uml&entity=EnumerationLiteral","targetObjectLabel":"factory","descriptionId":"siriusComponents://nodeDescription?sourceKind=view&sourceId=papyrus-web-Profile%20Diagram&sourceElementId=papyrus-web-Profile%20Diagram#//@descriptions.0/@nodeDescriptions.10/@childrenDescriptions.12/@childrenDescriptions.0","borderNode":false,"modifiers":[],"state":"Normal","collapsingState":"EXPANDED","insideLabel":{"id":"2abd9ed5-e712-3f73-957b-1f2e07f9c3a1","type":"label:inside-center","text":"factory","insideLabelLocation":"TOP_CENTER","position":{"x":5.0,"y":0.0},"size":{"width":69.30078125,"height":16.296875},"alignment":{"x":20.0,"y":12.9951171875},"style":{"color":"#0b006b","fontSize":14,"bold":false,"italic":false,"underline":false,"strikeThrough":false,"iconURL":["/icons-override/full/obj16/EnumerationLiteral.svg"]},"isHeader":false,"displayHeaderSeparator":false},"outsideLabels":[],"style":{"backgroundColor":"transparent"},"childrenLayoutStrategy":{"areChildNodesDraggable":true,"kind":"List"},"position":{"x":0.0,"y":37.59375},"size":{"width":234.107421875,"height":16.296875},"userResizable":true,"borderNodes":[],"childNodes":[],"customizedProperties":[],"defaultWidth":null,"defaultHeight":null,"labelEditable":true,"pinned":false},{"id":"1cf7f516-1113-3ab9-ae8e-2b649a497019","type":"node:icon-label","targetObjectId":"e0ac4468-42a2-499a-b27c-4f45f5dbdf67","targetObjectKind":"siriusComponents://semantic?domain=uml&entity=EnumerationLiteral","targetObjectLabel":"collector","descriptionId":"siriusComponents://nodeDescription?sourceKind=view&sourceId=papyrus-web-Profile%20Diagram&sourceElementId=papyrus-web-Profile%20Diagram#//@descriptions.0/@nodeDescriptions.10/@childrenDescriptions.12/@childrenDescriptions.0","borderNode":false,"modifiers":[],"state":"Normal","collapsingState":"EXPANDED","insideLabel":{"id":"61d63927-2dde-359d-b051-09f5b414e659","type":"label:inside-center","text":"collector","insideLabelLocation":"TOP_CENTER","position":{"x":5.0,"y":0.0},"size":{"width":80.1630859375,"height":16.296875},"alignment":{"x":20.0,"y":12.9951171875},"style":{"color":"#0b006b","fontSize":14,"bold":false,"italic":false,"underline":false,"strikeThrough":false,"iconURL":["/icons-override/full/obj16/EnumerationLiteral.svg"]},"isHeader":false,"displayHeaderSeparator":false},"outsideLabels":[],"style":{"backgroundColor":"transparent"},"childrenLayoutStrategy":{"areChildNodesDraggable":true,"kind":"List"},"position":{"x":0.0,"y":53.890625},"size":{"width":234.107421875,"height":16.296875},"userResizable":true,"borderNodes":[],"childNodes":[],"customizedProperties":[],"defaultWidth":null,"defaultHeight":null,"labelEditable":true,"pinned":false},{"id":"5862bb69-18de-3941-ab23-6af5c673c9fb","type":"node:icon-label","targetObjectId":"78133321-114e-4a8e-81c8-cc633bd61528","targetObjectKind":"siriusComponents://semantic?domain=uml&entity=EnumerationLiteral","targetObjectLabel":"externalSoftware","descriptionId":"siriusComponents://nodeDescription?sourceKind=view&sourceId=papyrus-web-Profile%20Diagram&sourceElementId=papyrus-web-Profile%20Diagram#//@descriptions.0/@nodeDescriptions.10/@childrenDescriptions.12/@childrenDescriptions.0","borderNode":false,"modifiers":[],"state":"Normal","collapsingState":"EXPANDED","insideLabel":{"id":"d3b59378-2f52-399f-a207-a94805d7230c","type":"label:inside-center","text":"externalSoftware","insideLabelLocation":"TOP_CENTER","position":{"x":5.0,"y":0.0},"size":{"width":140.3671875,"height":16.296875},"alignment":{"x":20.0,"y":12.9951171875},"style":{"color":"#0b006b","fontSize":14,"bold":false,"italic":false,"underline":false,"strikeThrough":false,"iconURL":["/icons-override/full/obj16/EnumerationLiteral.svg"]},"isHeader":false,"displayHeaderSeparator":false},"outsideLabels":[],"style":{"backgroundColor":"transparent"},"childrenLayoutStrategy":{"areChildNodesDraggable":true,"kind":"List"},"position":{"x":0.0,"y":70.1875},"size":{"width":234.107421875,"height":16.296875},"userResizable":true,"borderNodes":[],"childNodes":[],"customizedProperties":[],"defaultWidth":null,"defaultHeight":null,"labelEditable":true,"pinned":false},{"id":"bebcbc04-22e9-3a95-9445-942c4e5492c7","type":"node:icon-label","targetObjectId":"12b8eb17-74a4-4b1e-9125-149ea5b4344a","targetObjectKind":"siriusComponents://semantic?domain=uml&entity=EnumerationLiteral","targetObjectLabel":"mutualTrust","descriptionId":"siriusComponents://nodeDescription?sourceKind=view&sourceId=papyrus-web-Profile%20Diagram&sourceElementId=papyrus-web-Profile%20Diagram#//@descriptions.0/@nodeDescriptions.10/@childrenDescriptions.12/@childrenDescriptions.0","borderNode":false,"modifiers":[],"state":"Normal","collapsingState":"EXPANDED","insideLabel":{"id":"149df8dd-6c77-36e6-8520-c7c0d15271d4","type":"label:inside-center","text":"mutualTrust","insideLabelLocation":"TOP_CENTER","position":{"x":5.0,"y":0.0},"size":{"width":105.3056640625,"height":16.296875},"alignment":{"x":20.0,"y":12.9951171875},"style":{"color":"#0b006b","fontSize":14,"bold":false,"italic":false,"underline":false,"strikeThrough":false,"iconURL":["/icons-override/full/obj16/EnumerationLiteral.svg"]},"isHeader":false,"displayHeaderSeparator":false},"outsideLabels":[],"style":{"backgroundColor":"transparent"},"childrenLayoutStrategy":{"areChildNodesDraggable":true,"kind":"List"},"position":{"x":0.0,"y":86.484375},"size":{"width":234.107421875,"height":16.296875},"userResizable":true,"borderNodes":[],"childNodes":[],"customizedProperties":[],"defaultWidth":null,"defaultHeight":null,"labelEditable":true,"pinned":false},{"id":"d095a2a7-c4ad-3082-af7f-ed380a0b82c6","type":"node:icon-label","targetObjectId":"fde0c789-746f-4d39-beea-1b76ddb3c872","targetObjectKind":"siriusComponents://semantic?domain=uml&entity=EnumerationLiteral","targetObjectLabel":"minimalFunctionMode","descriptionId":"siriusComponents://nodeDescription?sourceKind=view&sourceId=papyrus-web-Profile%20Diagram&sourceElementId=papyrus-web-Profile%20Diagram#//@descriptions.0/@nodeDescriptions.10/@childrenDescriptions.12/@childrenDescriptions.0","borderNode":false,"modifiers":[],"state":"Normal","collapsingState":"EXPANDED","insideLabel":{"id":"0f707ee5-cb9b-3b1b-a832-30dc8cd3ec8b","type":"label:inside-center","text":"minimalFunctionMode","insideLabelLocation":"TOP_CENTER","position":{"x":5.0,"y":0.0},"size":{"width":174.8544921875,"height":16.296875},"alignment":{"x":20.0,"y":12.9951171875},"style":{"color":"#0b006b","fontSize":14,"bold":false,"italic":false,"underline":false,"strikeThrough":false,"iconURL":["/icons-override/full/obj16/EnumerationLiteral.svg"]},"isHeader":false,"displayHeaderSeparator":false},"outsideLabels":[],"style":{"backgroundColor":"transparent"},"childrenLayoutStrategy":{"areChildNodesDraggable":true,"kind":"List"},"position":{"x":0.0,"y":102.78125},"size":{"width":234.107421875,"height":16.296875},"userResizable":true,"borderNodes":[],"childNodes":[],"customizedProperties":[],"defaultWidth":null,"defaultHeight":null,"labelEditable":true,"pinned":false},{"id":"db82440a-572a-37bc-aebe-a860e1a9d4f2","type":"node:icon-label","targetObjectId":"63c590c3-ad20-4abb-9a4e-be6bbe1ee2e3","targetObjectKind":"siriusComponents://semantic?domain=uml&entity=EnumerationLiteral","targetObjectLabel":"asymetricCryptography","descriptionId":"siriusComponents://nodeDescription?sourceKind=view&sourceId=papyrus-web-Profile%20Diagram&sourceElementId=papyrus-web-Profile%20Diagram#//@descriptions.0/@nodeDescriptions.10/@childrenDescriptions.12/@childrenDescriptions.0","borderNode":false,"modifiers":[],"state":"Normal","collapsingState":"EXPANDED","insideLabel":{"id":"484f370c-34c4-377a-87bd-db97daa35265","type":"label:inside-center","text":"asymetricCryptography","insideLabelLocation":"TOP_CENTER","position":{"x":5.0,"y":0.0},"size":{"width":185.265625,"height":16.296875},"alignment":{"x":20.0,"y":12.9951171875},"style":{"color":"#0b006b","fontSize":14,"bold":false,"italic":false,"underline":false,"strikeThrough":false,"iconURL":["/icons-override/full/obj16/EnumerationLiteral.svg"]},"isHeader":false,"displayHeaderSeparator":false},"outsideLabels":[],"style":{"backgroundColor":"transparent"},"childrenLayoutStrategy":{"areChildNodesDraggable":true,"kind":"List"},"position":{"x":0.0,"y":119.078125},"size":{"width":234.107421875,"height":16.296875},"userResizable":true,"borderNodes":[],"childNodes":[],"customizedProperties":[],"defaultWidth":null,"defaultHeight":null,"labelEditable":true,"pinned":false},{"id":"57e31c7a-929a-313e-bff4-f4a2d5dcbcac","type":"node:icon-label","targetObjectId":"b3efb4d4-09c1-4adf-b976-84275f527762","targetObjectKind":"siriusComponents://semantic?domain=uml&entity=EnumerationLiteral","targetObjectLabel":"deviceVulnerabilityMitigation","descriptionId":"siriusComponents://nodeDescription?sourceKind=view&sourceId=papyrus-web-Profile%20Diagram&sourceElementId=papyrus-web-Profile%20Diagram#//@descriptions.0/@nodeDescriptions.10/@childrenDescriptions.12/@childrenDescriptions.0","borderNode":false,"modifiers":[],"state":"Normal","collapsingState":"EXPANDED","insideLabel":{"id":"1c72bd9a-bf30-3801-b788-8ba3d5049907","type":"label:inside-center","text":"deviceVulnerabilityMitigation","insideLabelLocation":"TOP_CENTER","position":{"x":5.0,"y":0.0},"size":{"width":224.107421875,"height":16.296875},"alignment":{"x":20.0,"y":12.9951171875},"style":{"color":"#0b006b","fontSize":14,"bold":false,"italic":false,"underline":false,"strikeThrough":false,"iconURL":["/icons-override/full/obj16/EnumerationLiteral.svg"]},"isHeader":false,"displayHeaderSeparator":false},"outsideLabels":[],"style":{"backgroundColor":"transparent"},"childrenLayoutStrategy":{"areChildNodesDraggable":true,"kind":"List"},"position":{"x":0.0,"y":135.375},"size":{"width":234.107421875,"height":16.296875},"userResizable":true,"borderNodes":[],"childNodes":[],"customizedProperties":[],"defaultWidth":null,"defaultHeight":null,"labelEditable":true,"pinned":false},{"id":"55260a8a-c1f3-3920-adb6-d44d59df76ed","type":"node:icon-label","targetObjectId":"a202e4e0-6639-46b7-8ac5-d598f5729c66","targetObjectKind":"siriusComponents://semantic?domain=uml&entity=EnumerationLiteral","targetObjectLabel":"limitedButSafeOperation","descriptionId":"siriusComponents://nodeDescription?sourceKind=view&sourceId=papyrus-web-Profile%20Diagram&sourceElementId=papyrus-web-Profile%20Diagram#//@descriptions.0/@nodeDescriptions.10/@childrenDescriptions.12/@childrenDescriptions.0","borderNode":false,"modifiers":[],"state":"Normal","collapsingState":"EXPANDED","insideLabel":{"id":"fa1d45ae-88d1-3b19-8250-dc898b7bc3b1","type":"label:inside-center","text":"limitedButSafeOperation","insideLabelLocation":"TOP_CENTER","position":{"x":5.0,"y":0.0},"size":{"width":192.9423828125,"height":16.296875},"alignment":{"x":20.0,"y":12.9951171875},"style":{"color":"#0b006b","fontSize":14,"bold":false,"italic":false,"underline":false,"strikeThrough":false,"iconURL":["/icons-override/full/obj16/EnumerationLiteral.svg"]},"isHeader":false,"displayHeaderSeparator":false},"outsideLabels":[],"style":{"backgroundColor":"transparent"},"childrenLayoutStrategy":{"areChildNodesDraggable":true,"kind":"List"},"position":{"x":0.0,"y":151.671875},"size":{"width":234.107421875,"height":16.296875},"userResizable":true,"borderNodes":[],"childNodes":[],"customizedProperties":[],"defaultWidth":null,"defaultHeight":null,"labelEditable":true,"pinned":false},{"id":"36c4f97c-9fbd-3c87-9ddf-c77007ad6480","type":"node:icon-label","targetObjectId":"ea6cc899-22a2-477e-9c01-106fbf50180c","targetObjectKind":"siriusComponents://semantic?domain=uml&entity=EnumerationLiteral","targetObjectLabel":"failureLogger","descriptionId":"siriusComponents://nodeDescription?sourceKind=view&sourceId=papyrus-web-Profile%20Diagram&sourceElementId=papyrus-web-Profile%20Diagram#//@descriptions.0/@nodeDescriptions.10/@childrenDescriptions.12/@childrenDescriptions.0","borderNode":false,"modifiers":[],"state":"Normal","collapsingState":"EXPANDED","insideLabel":{"id":"e017c02d-6aa8-34af-83b1-d31160eb8be3","type":"label:inside-center","text":"failureLogger","insideLabelLocation":"TOP_CENTER","position":{"x":5.0,"y":0.0},"size":{"width":113.037109375,"height":16.296875},"alignment":{"x":20.0,"y":12.9951171875},"style":{"color":"#0b006b","fontSize":14,"bold":false,"italic":false,"underline":false,"strikeThrough":false,"iconURL":["/icons-override/full/obj16/EnumerationLiteral.svg"]},"isHeader":false,"displayHeaderSeparator":false},"outsideLabels":[],"style":{"backgroundColor":"transparent"},"childrenLayoutStrategy":{"areChildNodesDraggable":true,"kind":"List"},"position":{"x":0.0,"y":167.96875},"size":{"width":234.107421875,"height":16.296875},"userResizable":true,"borderNodes":[],"childNodes":[],"customizedProperties":[],"defaultWidth":null,"defaultHeight":null,"labelEditable":true,"pinned":false},{"id":"e882053b-b322-3e29-b8c2-e806f0365e05","type":"node:icon-label","targetObjectId":"9075360d-9a36-4986-9941-3f65c782bb6c","targetObjectKind":"siriusComponents://semantic?domain=uml&entity=EnumerationLiteral","targetObjectLabel":"dataAuthenticator","descriptionId":"siriusComponents://nodeDescription?sourceKind=view&sourceId=papyrus-web-Profile%20Diagram&sourceElementId=papyrus-web-Profile%20Diagram#//@descriptions.0/@nodeDescriptions.10/@childrenDescriptions.12/@childrenDescriptions.0","borderNode":false,"modifiers":[],"state":"Normal","collapsingState":"EXPANDED","insideLabel":{"id":"95cbca12-9b4f-3420-a708-6b3b4439364a","type":"label:inside-center","text":"dataAuthenticator","insideLabelLocation":"TOP_CENTER","position":{"x":5.0,"y":0.0},"size":{"width":147.298828125,"height":16.296875},"alignment":{"x":20.0,"y":12.9951171875},"style":{"color":"#0b006b","fontSize":14,"bold":false,"italic":false,"underline":false,"strikeThrough":false,"iconURL":["/icons-override/full/obj16/EnumerationLiteral.svg"]},"isHeader":false,"displayHeaderSeparator":false},"outsideLabels":[],"style":{"backgroundColor":"transparent"},"childrenLayoutStrategy":{"areChildNodesDraggable":true,"kind":"List"},"position":{"x":0.0,"y":184.265625},"size":{"width":234.107421875,"height":16.296875},"userResizable":true,"borderNodes":[],"childNodes":[],"customizedProperties":[],"defaultWidth":null,"defaultHeight":null,"labelEditable":true,"pinned":false},{"id":"d389b33a-dc27-3c50-9554-23988537e29e","type":"node:icon-label","targetObjectId":"73766e22-e668-4582-a968-c40db267220b","targetObjectKind":"siriusComponents://semantic?domain=uml&entity=EnumerationLiteral","targetObjectLabel":"certificateWithoutExpireData","descriptionId":"siriusComponents://nodeDescription?sourceKind=view&sourceId=papyrus-web-Profile%20Diagram&sourceElementId=papyrus-web-Profile%20Diagram#//@descriptions.0/@nodeDescriptions.10/@childrenDescriptions.12/@childrenDescriptions.0","borderNode":false,"modifiers":[],"state":"Normal","collapsingState":"EXPANDED","insideLabel":{"id":"76200fbc-bde1-3739-aa84-b8bf77d45925","type":"label:inside-center","text":"certificateWithoutExpireData","insideLabelLocation":"TOP_CENTER","position":{"x":5.0,"y":0.0},"size":{"width":223.369140625,"height":16.296875},"alignment":{"x":20.0,"y":12.9951171875},"style":{"color":"#0b006b","fontSize":14,"bold":false,"italic":false,"underline":false,"strikeThrough":false,"iconURL":["/icons-override/full/obj16/EnumerationLiteral.svg"]},"isHeader":false,"displayHeaderSeparator":false},"outsideLabels":[],"style":{"backgroundColor":"transparent"},"childrenLayoutStrategy":{"areChildNodesDraggable":true,"kind":"List"},"position":{"x":0.0,"y":200.5625},"size":{"width":234.107421875,"height":16.296875},"userResizable":true,"borderNodes":[],"childNodes":[],"customizedProperties":[],"defaultWidth":null,"defaultHeight":null,"labelEditable":true,"pinned":false},{"id":"73b1b825-6347-37a4-9e13-d0d1bbbf51b2","type":"node:icon-label","targetObjectId":"a133426c-98d0-4c69-99f4-4b4b48a72b5a","targetObjectKind":"siriusComponents://semantic?domain=uml&entity=EnumerationLiteral","targetObjectLabel":"uniquePresharedKey","descriptionId":"siriusComponents://nodeDescription?sourceKind=view&sourceId=papyrus-web-Profile%20Diagram&sourceElementId=papyrus-web-Profile%20Diagram#//@descriptions.0/@nodeDescriptions.10/@childrenDescriptions.12/@childrenDescriptions.0","borderNode":false,"modifiers":[],"state":"Normal","collapsingState":"EXPANDED","insideLabel":{"id":"ccc38d28-a0b7-3f92-af03-c1fca7a56ad8","type":"label:inside-center","text":"uniquePresharedKey","insideLabelLocation":"TOP_CENTER","position":{"x":5.0,"y":0.0},"size":{"width":164.9013671875,"height":16.296875},"alignment":{"x":20.0,"y":12.9951171875},"style":{"color":"#0b006b","fontSize":14,"bold":false,"italic":false,"underline":false,"strikeThrough":false,"iconURL":["/icons-override/full/obj16/EnumerationLiteral.svg"]},"isHeader":false,"displayHeaderSeparator":false},"outsideLabels":[],"style":{"backgroundColor":"transparent"},"childrenLayoutStrategy":{"areChildNodesDraggable":true,"kind":"List"},"position":{"x":0.0,"y":216.859375},"size":{"width":234.107421875,"height":16.296875},"userResizable":true,"borderNodes":[],"childNodes":[],"customizedProperties":[],"defaultWidth":null,"defaultHeight":null,"labelEditable":true,"pinned":false},{"id":"ff0757ea-1a21-395e-9286-3311422978bd","type":"node:icon-label","targetObjectId":"a9358886-991f-42d3-9920-3c84bd22b975","targetObjectKind":"siriusComponents://semantic?domain=uml&entity=EnumerationLiteral","targetObjectLabel":"bootSoftware","descriptionId":"siriusComponents://nodeDescription?sourceKind=view&sourceId=papyrus-web-Profile%20Diagram&sourceElementId=papyrus-web-Profile%20Diagram#//@descriptions.0/@nodeDescriptions.10/@childrenDescriptions.12/@childrenDescriptions.0","borderNode":false,"modifiers":[],"state":"Normal","collapsingState":"EXPANDED","insideLabel":{"id":"6005d8de-2a0d-3549-b378-e2d0cc16cfbd","type":"label:inside-center","text":"bootSoftware","insideLabelLocation":"TOP_CENTER","position":{"x":5.0,"y":0.0},"size":{"width":113.775390625,"height":16.296875},"alignment":{"x":20.0,"y":12.9951171875},"style":{"color":"#0b006b","fontSize":14,"bold":false,"italic":false,"underline":false,"strikeThrough":false,"iconURL":["/icons-override/full/obj16/EnumerationLiteral.svg"]},"isHeader":false,"displayHeaderSeparator":false},"outsideLabels":[],"style":{"backgroundColor":"transparent"},"childrenLayoutStrategy":{"areChildNodesDraggable":true,"kind":"List"},"position":{"x":0.0,"y":233.15625},"size":{"width":234.107421875,"height":16.296875},"userResizable":true,"borderNodes":[],"childNodes":[],"customizedProperties":[],"defaultWidth":null,"defaultHeight":null,"labelEditable":true,"pinned":false},{"id":"d753f7b1-fe21-3d41-93ed-054585069c6e","type":"node:icon-label","targetObjectId":"8a5f1a43-b730-4f5c-b997-21640ab2b57e","targetObjectKind":"siriusComponents://semantic?domain=uml&entity=EnumerationLiteral","targetObjectLabel":"factoryPasswordGenerator","descriptionId":"siriusComponents://nodeDescription?sourceKind=view&sourceId=papyrus-web-Profile%20Diagram&sourceElementId=papyrus-web-Profile%20Diagram#//@descriptions.0/@nodeDescriptions.10/@childrenDescriptions.12/@childrenDescriptions.0","borderNode":false,"modifiers":[],"state":"Normal","collapsingState":"EXPANDED","insideLabel":{"id":"b2255731-8b7f-3435-88a1-b00b4efcedd9","type":"label:inside-center","text":"factoryPasswordGenerator","insideLabelLocation":"TOP_CENTER","position":{"x":5.0,"y":0.0},"size":{"width":206.662109375,"height":16.296875},"alignment":{"x":20.0,"y":12.9951171875},"style":{"color":"#0b006b","fontSize":14,"bold":false,"italic":false,"underline":false,"strikeThrough":false,"iconURL":["/icons-override/full/obj16/EnumerationLiteral.svg"]},"isHeader":false,"displayHeaderSeparator":false},"outsideLabels":[],"style":{"backgroundColor":"transparent"},"childrenLayoutStrategy":{"areChildNodesDraggable":true,"kind":"List"},"position":{"x":0.0,"y":249.453125},"size":{"width":234.107421875,"height":16.296875},"userResizable":true,"borderNodes":[],"childNodes":[],"customizedProperties":[],"defaultWidth":null,"defaultHeight":null,"labelEditable":true,"pinned":false},{"id":"b084d8c9-7eb1-37ce-ab2d-5a1be327c90f","type":"node:icon-label","targetObjectId":"1429b3d8-2519-4481-9ff2-69d2931504aa","targetObjectKind":"siriusComponents://semantic?domain=uml&entity=EnumerationLiteral","targetObjectLabel":"updateStatusMonitor","descriptionId":"siriusComponents://nodeDescription?sourceKind=view&sourceId=papyrus-web-Profile%20Diagram&sourceElementId=papyrus-web-Profile%20Diagram#//@descriptions.0/@nodeDescriptions.10/@childrenDescriptions.12/@childrenDescriptions.0","borderNode":false,"modifiers":[],"state":"Normal","collapsingState":"EXPANDED","insideLabel":{"id":"b33586ae-fcc4-376c-8cf7-c98316fb4b6a","type":"label:inside-center","text":"updateStatusMonitor","insideLabelLocation":"TOP_CENTER","position":{"x":5.0,"y":0.0},"size":{"width":167.1572265625,"height":16.296875},"alignment":{"x":20.0,"y":12.9951171875},"style":{"color":"#0b006b","fontSize":14,"bold":false,"italic":false,"underline":false,"strikeThrough":false,"iconURL":["/icons-override/full/obj16/EnumerationLiteral.svg"]},"isHeader":false,"displayHeaderSeparator":false},"outsideLabels":[],"style":{"backgroundColor":"transparent"},"childrenLayoutStrategy":{"areChildNodesDraggable":true,"kind":"List"},"position":{"x":0.0,"y":265.75},"size":{"width":234.107421875,"height":16.296875},"userResizable":true,"borderNodes":[],"childNodes":[],"customizedProperties":[],"defaultWidth":null,"defaultHeight":null,"labelEditable":true,"pinned":false},{"id":"0fbdacef-e61e-3c7a-95d4-7618ee8b615c","type":"node:icon-label","targetObjectId":"c5e51d4f-f237-48ed-a2dc-5dd002f48ef7","targetObjectKind":"siriusComponents://semantic?domain=uml&entity=EnumerationLiteral","targetObjectLabel":"remoteAccess","descriptionId":"siriusComponents://nodeDescription?sourceKind=view&sourceId=papyrus-web-Profile%20Diagram&sourceElementId=papyrus-web-Profile%20Diagram#//@descriptions.0/@nodeDescriptions.10/@childrenDescriptions.12/@childrenDescriptions.0","borderNode":false,"modifiers":[],"state":"Normal","collapsingState":"EXPANDED","insideLabel":{"id":"4d728aa8-6e4f-3472-9002-43c0eaa23bf9","type":"label:inside-center","text":"remoteAccess","insideLabelLocation":"TOP_CENTER","position":{"x":5.0,"y":0.0},"size":{"width":118.84765625,"height":16.296875},"alignment":{"x":20.0,"y":12.9951171875},"style":{"color":"#0b006b","fontSize":14,"bold":false,"italic":false,"underline":false,"strikeThrough":false,"iconURL":["/icons-override/full/obj16/EnumerationLiteral.svg"]},"isHeader":false,"displayHeaderSeparator":false},"outsideLabels":[],"style":{"backgroundColor":"transparent"},"childrenLayoutStrategy":{"areChildNodesDraggable":true,"kind":"List"},"position":{"x":0.0,"y":282.046875},"size":{"width":234.107421875,"height":16.296875},"userResizable":true,"borderNodes":[],"childNodes":[],"customizedProperties":[],"defaultWidth":null,"defaultHeight":null,"labelEditable":true,"pinned":false},{"id":"7ccf34f2-b268-313d-b720-9f9ec4a63da6","type":"node:icon-label","targetObjectId":"0b06bc95-b172-41aa-b4ce-ef4d52d33867","targetObjectKind":"siriusComponents://semantic?domain=uml&entity=EnumerationLiteral","targetObjectLabel":"riskControlMeasure","descriptionId":"siriusComponents://nodeDescription?sourceKind=view&sourceId=papyrus-web-Profile%20Diagram&sourceElementId=papyrus-web-Profile%20Diagram#//@descriptions.0/@nodeDescriptions.10/@childrenDescriptions.12/@childrenDescriptions.0","borderNode":false,"modifiers":[],"state":"Normal","collapsingState":"EXPANDED","insideLabel":{"id":"c82d5ad6-e461-3326-af60-d6f4d0237b8f","type":"label:inside-center","text":"riskControlMeasure","insideLabelLocation":"TOP_CENTER","position":{"x":5.0,"y":0.0},"size":{"width":155.7685546875,"height":16.296875},"alignment":{"x":20.0,"y":12.9951171875},"style":{"color":"#0b006b","fontSize":14,"bold":false,"italic":false,"underline":false,"strikeThrough":false,"iconURL":["/icons-override/full/obj16/EnumerationLiteral.svg"]},"isHeader":false,"displayHeaderSeparator":false},"outsideLabels":[],"style":{"backgroundColor":"transparent"},"childrenLayoutStrategy":{"areChildNodesDraggable":true,"kind":"List"},"position":{"x":0.0,"y":298.34375},"size":{"width":234.107421875,"height":16.296875},"userResizable":true,"borderNodes":[],"childNodes":[],"customizedProperties":[],"defaultWidth":null,"defaultHeight":null,"labelEditable":true,"pinned":false},{"id":"b392b2a9-e243-37ba-bba0-4139a890de20","type":"node:icon-label","targetObjectId":"d1f97a7a-0b5c-4293-a913-b45feb6effe9","targetObjectKind":"siriusComponents://semantic?domain=uml&entity=EnumerationLiteral","targetObjectLabel":"roleBasedAuthentication","descriptionId":"siriusComponents://nodeDescription?sourceKind=view&sourceId=papyrus-web-Profile%20Diagram&sourceElementId=papyrus-web-Profile%20Diagram#//@descriptions.0/@nodeDescriptions.10/@childrenDescriptions.12/@childrenDescriptions.0","borderNode":false,"modifiers":[],"state":"Normal","collapsingState":"EXPANDED","insideLabel":{"id":"582b901f-b2c9-3598-97ff-3ae0f5ea6856","type":"label:inside-center","text":"roleBasedAuthentication","insideLabelLocation":"TOP_CENTER","position":{"x":5.0,"y":0.0},"size":{"width":192.5732421875,"height":16.296875},"alignment":{"x":20.0,"y":12.9951171875},"style":{"color":"#0b006b","fontSize":14,"bold":false,"italic":false,"underline":false,"strikeThrough":false,"iconURL":["/icons-override/full/obj16/EnumerationLiteral.svg"]},"isHeader":false,"displayHeaderSeparator":false},"outsideLabels":[],"style":{"backgroundColor":"transparent"},"childrenLayoutStrategy":{"areChildNodesDraggable":true,"kind":"List"},"position":{"x":0.0,"y":314.640625},"size":{"width":234.107421875,"height":16.296875},"userResizable":true,"borderNodes":[],"childNodes":[],"customizedProperties":[],"defaultWidth":null,"defaultHeight":null,"labelEditable":true,"pinned":false},{"id":"a1421218-c16c-3296-83ad-2efa2016ec21","type":"node:icon-label","targetObjectId":"17981b1b-0fbb-4d40-81ce-b3d1237b444e","targetObjectKind":"siriusComponents://semantic?domain=uml&entity=EnumerationLiteral","targetObjectLabel":"dataConverter","descriptionId":"siriusComponents://nodeDescription?sourceKind=view&sourceId=papyrus-web-Profile%20Diagram&sourceElementId=papyrus-web-Profile%20Diagram#//@descriptions.0/@nodeDescriptions.10/@childrenDescriptions.12/@childrenDescriptions.0","borderNode":false,"modifiers":[],"state":"Normal","collapsingState":"EXPANDED","insideLabel":{"id":"c9169be9-5406-3d0d-9563-53e82cce48bf","type":"label:inside-center","text":"dataConverter","insideLabelLocation":"TOP_CENTER","position":{"x":5.0,"y":0.0},"size":{"width":121.2607421875,"height":16.296875},"alignment":{"x":20.0,"y":12.9951171875},"style":{"color":"#0b006b","fontSize":14,"bold":false,"italic":false,"underline":false,"strikeThrough":false,"iconURL":["/icons-override/full/obj16/EnumerationLiteral.svg"]},"isHeader":false,"displayHeaderSeparator":false},"outsideLabels":[],"style":{"backgroundColor":"transparent"},"childrenLayoutStrategy":{"areChildNodesDraggable":true,"kind":"List"},"position":{"x":0.0,"y":330.9375},"size":{"width":234.107421875,"height":16.296875},"userResizable":true,"borderNodes":[],"childNodes":[],"customizedProperties":[],"defaultWidth":null,"defaultHeight":null,"labelEditable":true,"pinned":false},{"id":"0070f836-8633-3544-afc1-896d55a10e74","type":"node:icon-label","targetObjectId":"9b83c7a0-68e8-4837-96cb-44cded135845","targetObjectKind":"siriusComponents://semantic?domain=uml&entity=EnumerationLiteral","targetObjectLabel":"randomNumberGenerator","descriptionId":"siriusComponents://nodeDescription?sourceKind=view&sourceId=papyrus-web-Profile%20Diagram&sourceElementId=papyrus-web-Profile%20Diagram#//@descriptions.0/@nodeDescriptions.10/@childrenDescriptions.12/@childrenDescriptions.0","borderNode":false,"modifiers":[],"state":"Normal","collapsingState":"EXPANDED","insideLabel":{"id":"af37ae35-4dca-39d1-bc3e-b2d04e9cb5f3","type":"label:inside-center","text":"randomNumberGenerator","insideLabelLocation":"TOP_CENTER","position":{"x":5.0,"y":0.0},"size":{"width":201.630859375,"height":16.296875},"alignment":{"x":20.0,"y":12.9951171875},"style":{"color":"#0b006b","fontSize":14,"bold":false,"italic":false,"underline":false,"strikeThrough":false,"iconURL":["/icons-override/full/obj16/EnumerationLiteral.svg"]},"isHeader":false,"displayHeaderSeparator":false},"outsideLabels":[],"style":{"backgroundColor":"transparent"},"childrenLayoutStrategy":{"areChildNodesDraggable":true,"kind":"List"},"position":{"x":0.0,"y":347.234375},"size":{"width":234.107421875,"height":16.296875},"userResizable":true,"borderNodes":[],"childNodes":[],"customizedProperties":[],"defaultWidth":null,"defaultHeight":null,"labelEditable":true,"pinned":false},{"id":"b8cb7c31-beac-31bb-8bc3-e8586de0d7b8","type":"node:icon-label","targetObjectId":"778297a4-3c39-4022-a785-cdeadb35b937","targetObjectKind":"siriusComponents://semantic?domain=uml&entity=EnumerationLiteral","targetObjectLabel":"cryptographicKeyGenerator","descriptionId":"siriusComponents://nodeDescription?sourceKind=view&sourceId=papyrus-web-Profile%20Diagram&sourceElementId=papyrus-web-Profile%20Diagram#//@descriptions.0/@nodeDescriptions.10/@childrenDescriptions.12/@childrenDescriptions.0","borderNode":false,"modifiers":[],"state":"Normal","collapsingState":"EXPANDED","insideLabel":{"id":"ea738557-d073-3925-a991-03926d00bb4a","type":"label:inside-center","text":"cryptographicKeyGenerator","insideLabelLocation":"TOP_CENTER","position":{"x":5.0,"y":0.0},"size":{"width":214.4208984375,"height":16.296875},"alignment":{"x":20.0,"y":12.9951171875},"style":{"color":"#0b006b","fontSize":14,"bold":false,"italic":false,"underline":false,"strikeThrough":false,"iconURL":["/icons-override/full/obj16/EnumerationLiteral.svg"]},"isHeader":false,"displayHeaderSeparator":false},"outsideLabels":[],"style":{"backgroundColor":"transparent"},"childrenLayoutStrategy":{"areChildNodesDraggable":true,"kind":"List"},"position":{"x":0.0,"y":363.53125},"size":{"width":234.107421875,"height":16.296875},"userResizable":true,"borderNodes":[],"childNodes":[],"customizedProperties":[],"defaultWidth":null,"defaultHeight":null,"labelEditable":true,"pinned":false},{"id":"96b810fd-be18-390c-bf2a-5dd45213a8fe","type":"node:icon-label","targetObjectId":"096102e5-d615-49c0-9ada-53ea6374e3de","targetObjectKind":"siriusComponents://semantic?domain=uml&entity=EnumerationLiteral","targetObjectLabel":"localAccess","descriptionId":"siriusComponents://nodeDescription?sourceKind=view&sourceId=papyrus-web-Profile%20Diagram&sourceElementId=papyrus-web-Profile%20Diagram#//@descriptions.0/@nodeDescriptions.10/@childrenDescriptions.12/@childrenDescriptions.0","borderNode":false,"modifiers":[],"state":"Normal","collapsingState":"EXPANDED","insideLabel":{"id":"f3e44772-b5df-3cf1-adfe-8283c20487cd","type":"label:inside-center","text":"localAccess","insideLabelLocation":"TOP_CENTER","position":{"x":5.0,"y":0.0},"size":{"width":100.7939453125,"height":16.296875},"alignment":{"x":20.0,"y":12.9951171875},"style":{"color":"#0b006b","fontSize":14,"bold":false,"italic":false,"underline":false,"strikeThrough":false,"iconURL":["/icons-override/full/obj16/EnumerationLiteral.svg"]},"isHeader":false,"displayHeaderSeparator":false},"outsideLabels":[],"style":{"backgroundColor":"transparent"},"childrenLayoutStrategy":{"areChildNodesDraggable":true,"kind":"List"},"position":{"x":0.0,"y":379.828125},"size":{"width":234.107421875,"height":16.296875},"userResizable":true,"borderNodes":[],"childNodes":[],"customizedProperties":[],"defaultWidth":null,"defaultHeight":null,"labelEditable":true,"pinned":false},{"id":"d913b0a4-98ea-3ff4-8aa5-175d9b7ac15c","type":"node:icon-label","targetObjectId":"1a689f2f-4d6c-4174-8eb3-f14aee2a0f97","targetObjectKind":"siriusComponents://semantic?domain=uml&entity=EnumerationLiteral","targetObjectLabel":"backupData","descriptionId":"siriusComponents://nodeDescription?sourceKind=view&sourceId=papyrus-web-Profile%20Diagram&sourceElementId=papyrus-web-Profile%20Diagram#//@descriptions.0/@nodeDescriptions.10/@childrenDescriptions.12/@childrenDescriptions.0","borderNode":false,"modifiers":[],"state":"Normal","collapsingState":"EXPANDED","insideLabel":{"id":"d5d6dc43-e4df-347d-b629-4b495cd5e014","type":"label:inside-center","text":"backupData","insideLabelLocation":"TOP_CENTER","position":{"x":5.0,"y":0.0},"size":{"width":104.4580078125,"height":16.296875},"alignment":{"x":20.0,"y":12.9951171875},"style":{"color":"#0b006b","fontSize":14,"bold":false,"italic":false,"underline":false,"strikeThrough":false,"iconURL":["/icons-override/full/obj16/EnumerationLiteral.svg"]},"isHeader":false,"displayHeaderSeparator":false},"outsideLabels":[],"style":{"backgroundColor":"transparent"},"childrenLayoutStrategy":{"areChildNodesDraggable":true,"kind":"List"},"position":{"x":0.0,"y":396.125},"size":{"width":234.107421875,"height":16.296875},"userResizable":true,"borderNodes":[],"childNodes":[],"customizedProperties":[],"defaultWidth":null,"defaultHeight":null,"labelEditable":true,"pinned":false}],"customizedProperties":[],"defaultWidth":null,"defaultHeight":null,"labelEditable":false,"pinned":false}],"customizedProperties":[],"defaultWidth":null,"defaultHeight":null,"labelEditable":true,"pinned":false},{"id":"58353818-c829-34b0-9b74-83940ef4cb3e","type":"node:rectangle","targetObjectId":"aeec6d2d-f878-4573-89d3-5e1eb6e59968","targetObjectKind":"siriusComponents://semantic?domain=uml&entity=Enumeration","targetObjectLabel":"PropertyAnnotationKind","descriptionId":"siriusComponents://nodeDescription?sourceKind=view&sourceId=papyrus-web-Profile%20Diagram&sourceElementId=papyrus-web-Profile%20Diagram#//@descriptions.0/@nodeDescriptions.4","borderNode":false,"modifiers":[],"state":"Normal","collapsingState":"EXPANDED","insideLabel":{"id":"4f459ca8-8713-35bb-ac87-92b56b839cb4","type":"label:inside-center","text":"«enumeration»\nPropertyAnnotationKind","insideLabelLocation":"TOP_CENTER","position":{"x":11.64794921875,"y":5.0},"size":{"width":187.3984375,"height":32.59375},"alignment":{"x":20.0,"y":12.9951171875},"style":{"color":"#0b006b","fontSize":14,"bold":false,"italic":false,"underline":false,"strikeThrough":false,"iconURL":["/icons-override/full/obj16/Enumeration.svg"]},"isHeader":true,"displayHeaderSeparator":true},"outsideLabels":[],"style":{"color":"#fefefe","borderColor":"#0b006b","borderSize":1,"borderRadius":0,"borderStyle":"Solid"},"childrenLayoutStrategy":{"areChildNodesDraggable":false,"kind":"List"},"position":{"x":554.1797073424292,"y":582.8917458221697},"size":{"width":210.6943359375,"height":118.59375},"userResizable":true,"borderNodes":[],"childNodes":[{"id":"5b29bfd1-45f5-3e98-9ed9-e063dec381c6","type":"node:rectangle","targetObjectId":"aeec6d2d-f878-4573-89d3-5e1eb6e59968","targetObjectKind":"siriusComponents://semantic?domain=uml&entity=Enumeration","targetObjectLabel":"PropertyAnnotationKind","descriptionId":"siriusComponents://nodeDescription?sourceKind=view&sourceId=papyrus-web-Profile%20Diagram&sourceElementId=papyrus-web-Profile%20Diagram#//@descriptions.0/@nodeDescriptions.10/@childrenDescriptions.12","borderNode":false,"modifiers":[],"state":"Normal","collapsingState":"EXPANDED","insideLabel":{"id":"ebba7129-3c21-38bc-ab86-c37f3b88a1d5","type":"label:inside-v_top-h_center","text":"","insideLabelLocation":"TOP_CENTER","position":{"x":5.0,"y":5.0},"size":{"width":0.0,"height":0.0},"alignment":{"x":0.0,"y":0.0},"style":{"color":"#0b006b","fontSize":14,"bold":false,"italic":false,"underline":false,"strikeThrough":false,"iconURL":[]},"isHeader":false,"displayHeaderSeparator":false},"outsideLabels":[],"style":{"color":"#fefefe","borderColor":"#0b006b","borderSize":1,"borderRadius":0,"borderStyle":"Solid"},"childrenLayoutStrategy":{"areChildNodesDraggable":true,"kind":"List"},"position":{"x":0.0,"y":48.59375},"size":{"width":210.6943359375,"height":70.0},"userResizable":true,"borderNodes":[],"childNodes":[{"id":"9d7308e1-fd8b-3aef-906c-63a8785c8fc0","type":"node:icon-label","targetObjectId":"498bce6d-9e4a-408a-8631-6925d0f903cc","targetObjectKind":"siriusComponents://semantic?domain=uml&entity=EnumerationLiteral","targetObjectLabel":"cryptographicOperation","descriptionId":"siriusComponents://nodeDescription?sourceKind=view&sourceId=papyrus-web-Profile%20Diagram&sourceElementId=papyrus-web-Profile%20Diagram#//@descriptions.0/@nodeDescriptions.10/@childrenDescriptions.12/@childrenDescriptions.0","borderNode":false,"modifiers":[],"state":"Normal","collapsingState":"EXPANDED","insideLabel":{"id":"21ee8492-3b33-3792-b5f1-497db34c3063","type":"label:inside-center","text":"cryptographicOperation","insideLabelLocation":"TOP_CENTER","position":{"x":5.0,"y":0.0},"size":{"width":186.919921875,"height":16.296875},"alignment":{"x":20.0,"y":12.9951171875},"style":{"color":"#0b006b","fontSize":14,"bold":false,"italic":false,"underline":false,"strikeThrough":false,"iconURL":["/icons-override/full/obj16/EnumerationLiteral.svg"]},"isHeader":false,"displayHeaderSeparator":false},"outsideLabels":[],"style":{"backgroundColor":"transparent"},"childrenLayoutStrategy":{"areChildNodesDraggable":true,"kind":"List"},"position":{"x":0.0,"y":5.0},"size":{"width":210.6943359375,"height":16.296875},"userResizable":true,"borderNodes":[],"childNodes":[],"customizedProperties":[],"defaultWidth":null,"defaultHeight":null,"labelEditable":true,"pinned":false},{"id":"36e83750-145e-3fa0-bd65-00d5331768f7","type":"node:icon-label","targetObjectId":"8055964d-e567-448f-a493-4779a417359b","targetObjectKind":"siriusComponents://semantic?domain=uml&entity=EnumerationLiteral","targetObjectLabel":"strictlyIncreasingFunction","descriptionId":"siriusComponents://nodeDescription?sourceKind=view&sourceId=papyrus-web-Profile%20Diagram&sourceElementId=papyrus-web-Profile%20Diagram#//@descriptions.0/@nodeDescriptions.10/@childrenDescriptions.12/@childrenDescriptions.0","borderNode":false,"modifiers":[],"state":"Normal","collapsingState":"EXPANDED","insideLabel":{"id":"53eef5eb-8f79-3cd1-abe4-8a24d32434c6","type":"label:inside-center","text":"strictlyIncreasingFunction","insideLabelLocation":"TOP_CENTER","position":{"x":5.0,"y":0.0},"size":{"width":200.6943359375,"height":16.296875},"alignment":{"x":20.0,"y":12.9951171875},"style":{"color":"#0b006b","fontSize":14,"bold":false,"italic":false,"underline":false,"strikeThrough":false,"iconURL":["/icons-override/full/obj16/EnumerationLiteral.svg"]},"isHeader":false,"displayHeaderSeparator":false},"outsideLabels":[],"style":{"backgroundColor":"transparent"},"childrenLayoutStrategy":{"areChildNodesDraggable":true,"kind":"List"},"position":{"x":0.0,"y":21.296875},"size":{"width":210.6943359375,"height":16.296875},"userResizable":true,"borderNodes":[],"childNodes":[],"customizedProperties":[],"defaultWidth":null,"defaultHeight":null,"labelEditable":true,"pinned":false}],"customizedProperties":[],"defaultWidth":null,"defaultHeight":null,"labelEditable":false,"pinned":false}],"customizedProperties":[],"defaultWidth":null,"defaultHeight":null,"labelEditable":true,"pinned":false},{"id":"b749b7f2-737b-3377-b553-37f0434ea688","type":"node:rectangle","targetObjectId":"681964a5-3651-48fc-b043-5f97d6aa2dd4","targetObjectKind":"siriusComponents://semantic?domain=uml&entity=Enumeration","targetObjectLabel":"PackageAnnotationKind","descriptionId":"siriusComponents://nodeDescription?sourceKind=view&sourceId=papyrus-web-Profile%20Diagram&sourceElementId=papyrus-web-Profile%20Diagram#//@descriptions.0/@nodeDescriptions.4","borderNode":false,"modifiers":[],"state":"Normal","collapsingState":"EXPANDED","insideLabel":{"id":"ccfc531b-1559-3cc5-bf10-f8a6641725db","type":"label:inside-center","text":"«enumeration»\nPackageAnnotationKind","insideLabelLocation":"TOP_CENTER","position":{"x":41.4150390625,"y":5.0},"size":{"width":186.509765625,"height":32.59375},"alignment":{"x":20.0,"y":12.9951171875},"style":{"color":"#0b006b","fontSize":14,"bold":false,"italic":false,"underline":false,"strikeThrough":false,"iconURL":["/icons-override/full/obj16/Enumeration.svg"]},"isHeader":true,"displayHeaderSeparator":true},"outsideLabels":[],"style":{"color":"#fefefe","borderColor":"#0b006b","borderSize":1,"borderRadius":0,"borderStyle":"Solid"},"childrenLayoutStrategy":{"areChildNodesDraggable":false,"kind":"List"},"position":{"x":1042.8103782955861,"y":541.1645009991202},"size":{"width":269.33984375,"height":151.375},"userResizable":true,"borderNodes":[],"childNodes":[{"id":"2cbef7d0-9526-31a2-ae0d-c31a08a73245","type":"node:rectangle","targetObjectId":"681964a5-3651-48fc-b043-5f97d6aa2dd4","targetObjectKind":"siriusComponents://semantic?domain=uml&entity=Enumeration","targetObjectLabel":"PackageAnnotationKind","descriptionId":"siriusComponents://nodeDescription?sourceKind=view&sourceId=papyrus-web-Profile%20Diagram&sourceElementId=papyrus-web-Profile%20Diagram#//@descriptions.0/@nodeDescriptions.10/@childrenDescriptions.12","borderNode":false,"modifiers":[],"state":"Normal","collapsingState":"EXPANDED","insideLabel":{"id":"bf1ea7bc-c386-344f-9b9a-bcf27e072f2d","type":"label:inside-v_top-h_center","text":"","insideLabelLocation":"TOP_CENTER","position":{"x":5.0,"y":5.0},"size":{"width":0.0,"height":0.0},"alignment":{"x":0.0,"y":0.0},"style":{"color":"#0b006b","fontSize":14,"bold":false,"italic":false,"underline":false,"strikeThrough":false,"iconURL":[]},"isHeader":false,"displayHeaderSeparator":false},"outsideLabels":[],"style":{"color":"#fefefe","borderColor":"#0b006b","borderSize":1,"borderRadius":0,"borderStyle":"Solid"},"childrenLayoutStrategy":{"areChildNodesDraggable":true,"kind":"List"},"position":{"x":0.0,"y":48.59375},"size":{"width":269.33984375,"height":102.78125},"userResizable":true,"borderNodes":[],"childNodes":[{"id":"1005fede-6252-3423-8cc9-d33be792bb84","type":"node:icon-label","targetObjectId":"f9f8b39e-8866-4d1e-b9a2-5b027e46ec87","targetObjectKind":"siriusComponents://semantic?domain=uml&entity=EnumerationLiteral","targetObjectLabel":"developmentAndTestEnvironment","descriptionId":"siriusComponents://nodeDescription?sourceKind=view&sourceId=papyrus-web-Profile%20Diagram&sourceElementId=papyrus-web-Profile%20Diagram#//@descriptions.0/@nodeDescriptions.10/@childrenDescriptions.12/@childrenDescriptions.0","borderNode":false,"modifiers":[],"state":"Normal","collapsingState":"EXPANDED","insideLabel":{"id":"0a933f5c-1387-3042-a8dd-93558d03c443","type":"label:inside-center","text":"developmentAndTestEnvironment","insideLabelLocation":"TOP_CENTER","position":{"x":5.0,"y":0.0},"size":{"width":259.33984375,"height":16.296875},"alignment":{"x":20.0,"y":12.9951171875},"style":{"color":"#0b006b","fontSize":14,"bold":false,"italic":false,"underline":false,"strikeThrough":false,"iconURL":["/icons-override/full/obj16/EnumerationLiteral.svg"]},"isHeader":false,"displayHeaderSeparator":false},"outsideLabels":[],"style":{"backgroundColor":"transparent"},"childrenLayoutStrategy":{"areChildNodesDraggable":true,"kind":"List"},"position":{"x":0.0,"y":5.0},"size":{"width":269.33984375,"height":16.296875},"userResizable":true,"borderNodes":[],"childNodes":[],"customizedProperties":[],"defaultWidth":null,"defaultHeight":null,"labelEditable":true,"pinned":false},{"id":"5b153a01-a6ce-3df4-8a54-775e12d7ee5c","type":"node:icon-label","targetObjectId":"8327dadf-56e9-43b0-88f7-9e8106c893c9","targetObjectKind":"siriusComponents://semantic?domain=uml&entity=EnumerationLiteral","targetObjectLabel":"documentation","descriptionId":"siriusComponents://nodeDescription?sourceKind=view&sourceId=papyrus-web-Profile%20Diagram&sourceElementId=papyrus-web-Profile%20Diagram#//@descriptions.0/@nodeDescriptions.10/@childrenDescriptions.12/@childrenDescriptions.0","borderNode":false,"modifiers":[],"state":"Normal","collapsingState":"EXPANDED","insideLabel":{"id":"d7dede4a-1347-361b-9630-b0ba921bd169","type":"label:inside-center","text":"documentation","insideLabelLocation":"TOP_CENTER","position":{"x":5.0,"y":0.0},"size":{"width":126.0322265625,"height":16.296875},"alignment":{"x":20.0,"y":12.9951171875},"style":{"color":"#0b006b","fontSize":14,"bold":false,"italic":false,"underline":false,"strikeThrough":false,"iconURL":["/icons-override/full/obj16/EnumerationLiteral.svg"]},"isHeader":false,"displayHeaderSeparator":false},"outsideLabels":[],"style":{"backgroundColor":"transparent"},"childrenLayoutStrategy":{"areChildNodesDraggable":true,"kind":"List"},"position":{"x":0.0,"y":21.296875},"size":{"width":269.33984375,"height":16.296875},"userResizable":true,"borderNodes":[],"childNodes":[],"customizedProperties":[],"defaultWidth":null,"defaultHeight":null,"labelEditable":true,"pinned":false},{"id":"de6b43f6-8d5f-36fd-bd6b-a8acf916aa5b","type":"node:icon-label","targetObjectId":"32d86ec5-e881-42b1-98d5-7e9bd2f47f7c","targetObjectKind":"siriusComponents://semantic?domain=uml&entity=EnumerationLiteral","targetObjectLabel":"regionAndCulturalNorms","descriptionId":"siriusComponents://nodeDescription?sourceKind=view&sourceId=papyrus-web-Profile%20Diagram&sourceElementId=papyrus-web-Profile%20Diagram#//@descriptions.0/@nodeDescriptions.10/@childrenDescriptions.12/@childrenDescriptions.0","borderNode":false,"modifiers":[],"state":"Normal","collapsingState":"EXPANDED","insideLabel":{"id":"5e7241a0-da6c-3f61-a494-dfa24d6cb869","type":"label:inside-center","text":"regionAndCulturalNorms","insideLabelLocation":"TOP_CENTER","position":{"x":5.0,"y":0.0},"size":{"width":192.771484375,"height":16.296875},"alignment":{"x":20.0,"y":12.9951171875},"style":{"color":"#0b006b","fontSize":14,"bold":false,"italic":false,"underline":false,"strikeThrough":false,"iconURL":["/icons-override/full/obj16/EnumerationLiteral.svg"]},"isHeader":false,"displayHeaderSeparator":false},"outsideLabels":[],"style":{"backgroundColor":"transparent"},"childrenLayoutStrategy":{"areChildNodesDraggable":true,"kind":"List"},"position":{"x":0.0,"y":37.59375},"size":{"width":269.33984375,"height":16.296875},"userResizable":true,"borderNodes":[],"childNodes":[],"customizedProperties":[],"defaultWidth":null,"defaultHeight":null,"labelEditable":true,"pinned":false},{"id":"9d522f78-e740-3822-bb0e-3dbb13dde086","type":"node:icon-label","targetObjectId":"c05574f2-7c7b-454f-bfbe-6492578ec1ed","targetObjectKind":"siriusComponents://semantic?domain=uml&entity=EnumerationLiteral","targetObjectLabel":"physicalSecurity","descriptionId":"siriusComponents://nodeDescription?sourceKind=view&sourceId=papyrus-web-Profile%20Diagram&sourceElementId=papyrus-web-Profile%20Diagram#//@descriptions.0/@nodeDescriptions.10/@childrenDescriptions.12/@childrenDescriptions.0","borderNode":false,"modifiers":[],"state":"Normal","collapsingState":"EXPANDED","insideLabel":{"id":"6d79e0f1-bb21-3784-a55b-44968a6f50ea","type":"label:inside-center","text":"physicalSecurity","insideLabelLocation":"TOP_CENTER","position":{"x":5.0,"y":0.0},"size":{"width":134.884765625,"height":16.296875},"alignment":{"x":20.0,"y":12.9951171875},"style":{"color":"#0b006b","fontSize":14,"bold":false,"italic":false,"underline":false,"strikeThrough":false,"iconURL":["/icons-override/full/obj16/EnumerationLiteral.svg"]},"isHeader":false,"displayHeaderSeparator":false},"outsideLabels":[],"style":{"backgroundColor":"transparent"},"childrenLayoutStrategy":{"areChildNodesDraggable":true,"kind":"List"},"position":{"x":0.0,"y":53.890625},"size":{"width":269.33984375,"height":16.296875},"userResizable":true,"borderNodes":[],"childNodes":[],"customizedProperties":[],"defaultWidth":null,"defaultHeight":null,"labelEditable":true,"pinned":false},{"id":"6ad5195b-1068-32f5-8bd3-dea6e303b005","type":"node:icon-label","targetObjectId":"46cd2391-e8a2-41e6-be36-c1b13551453f","targetObjectKind":"siriusComponents://semantic?domain=uml&entity=EnumerationLiteral","targetObjectLabel":"securityControl","descriptionId":"siriusComponents://nodeDescription?sourceKind=view&sourceId=papyrus-web-Profile%20Diagram&sourceElementId=papyrus-web-Profile%20Diagram#//@descriptions.0/@nodeDescriptions.10/@childrenDescriptions.12/@childrenDescriptions.0","borderNode":false,"modifiers":[],"state":"Normal","collapsingState":"EXPANDED","insideLabel":{"id":"890e548b-0361-3e71-a3f3-500cf878555c","type":"label:inside-center","text":"securityControl","insideLabelLocation":"TOP_CENTER","position":{"x":5.0,"y":0.0},"size":{"width":126.8115234375,"height":16.296875},"alignment":{"x":20.0,"y":12.9951171875},"style":{"color":"#0b006b","fontSize":14,"bold":false,"italic":false,"underline":false,"strikeThrough":false,"iconURL":["/icons-override/full/obj16/EnumerationLiteral.svg"]},"isHeader":false,"displayHeaderSeparator":false},"outsideLabels":[],"style":{"backgroundColor":"transparent"},"childrenLayoutStrategy":{"areChildNodesDraggable":true,"kind":"List"},"position":{"x":0.0,"y":70.1875},"size":{"width":269.33984375,"height":16.296875},"userResizable":true,"borderNodes":[],"childNodes":[],"customizedProperties":[],"defaultWidth":null,"defaultHeight":null,"labelEditable":true,"pinned":false},{"id":"a934e664-ab49-3ff5-87c0-aa06761aa071","type":"node:icon-label","targetObjectId":"85e8bd28-bb98-4c31-9e64-a206473d6382","targetObjectKind":"siriusComponents://semantic?domain=uml&entity=EnumerationLiteral","targetObjectLabel":"accessToSourceCode","descriptionId":"siriusComponents://nodeDescription?sourceKind=view&sourceId=papyrus-web-Profile%20Diagram&sourceElementId=papyrus-web-Profile%20Diagram#//@descriptions.0/@nodeDescriptions.10/@childrenDescriptions.12/@childrenDescriptions.0","borderNode":false,"modifiers":[],"state":"Normal","collapsingState":"EXPANDED","insideLabel":{"id":"a99d28d1-1029-311f-bdce-bd97209170b0","type":"label:inside-center","text":"accessToSourceCode","insideLabelLocation":"TOP_CENTER","position":{"x":5.0,"y":0.0},"size":{"width":168.5244140625,"height":16.296875},"alignment":{"x":20.0,"y":12.9951171875},"style":{"color":"#0b006b","fontSize":14,"bold":false,"italic":false,"underline":false,"strikeThrough":false,"iconURL":["/icons-override/full/obj16/EnumerationLiteral.svg"]},"isHeader":false,"displayHeaderSeparator":false},"outsideLabels":[],"style":{"backgroundColor":"transparent"},"childrenLayoutStrategy":{"areChildNodesDraggable":true,"kind":"List"},"position":{"x":0.0,"y":86.484375},"size":{"width":269.33984375,"height":16.296875},"userResizable":true,"borderNodes":[],"childNodes":[],"customizedProperties":[],"defaultWidth":null,"defaultHeight":null,"labelEditable":true,"pinned":false}],"customizedProperties":[],"defaultWidth":null,"defaultHeight":null,"labelEditable":false,"pinned":false}],"customizedProperties":[],"defaultWidth":null,"defaultHeight":null,"labelEditable":true,"pinned":false},{"id":"3e643976-518c-3066-9050-508e64ddc8e6","type":"node:rectangle","targetObjectId":"UML.metamodel.uml#Class","targetObjectKind":"siriusComponents://semantic?domain=uml&entity=Class","targetObjectLabel":"Class","descriptionId":"siriusComponents://nodeDescription?sourceKind=view&sourceId=papyrus-web-Profile%20Diagram&sourceElementId=papyrus-web-Profile%20Diagram#//@descriptions.0/@nodeDescriptions.5","borderNode":false,"modifiers":[],"state":"Normal","collapsingState":"EXPANDED","insideLabel":{"id":"ef5b3d72-2aee-340b-9f8e-d4b97aaa820b","type":"label:inside-v_top-h_center","text":"«Metaclass»\nClass","insideLabelLocation":"TOP_CENTER","position":{"x":5.0,"y":5.0},"size":{"width":140.0,"height":40.79999923706055},"alignment":{"x":0.0,"y":0.0},"style":{"color":"#0b006b","fontSize":14,"bold":false,"italic":false,"underline":false,"strikeThrough":false,"iconURL":["/icons-override/full/obj16/Class.svg"]},"isHeader":false,"displayHeaderSeparator":false},"outsideLabels":[],"style":{"color":"#fefefe","borderColor":"#0b006b","borderSize":1,"borderRadius":0,"borderStyle":"Solid"},"childrenLayoutStrategy":{"kind":"FreeForm"},"position":{"x":236.1718920176898,"y":185.83515287157226},"size":{"width":150.0,"height":70.0},"userResizable":true,"borderNodes":[],"childNodes":[],"customizedProperties":[],"defaultWidth":null,"defaultHeight":null,"labelEditable":false,"pinned":false},{"id":"f4e44dfc-12c5-3913-adeb-98949743b118","type":"node:rectangle","targetObjectId":"UML.metamodel.uml#Property","targetObjectKind":"siriusComponents://semantic?domain=uml&entity=Class","targetObjectLabel":"Property","descriptionId":"siriusComponents://nodeDescription?sourceKind=view&sourceId=papyrus-web-Profile%20Diagram&sourceElementId=papyrus-web-Profile%20Diagram#//@descriptions.0/@nodeDescriptions.5","borderNode":false,"modifiers":[],"state":"Normal","collapsingState":"EXPANDED","insideLabel":{"id":"654b2672-daf0-374d-917e-8f1812f17ba4","type":"label:inside-v_top-h_center","text":"«Metaclass»\nProperty","insideLabelLocation":"TOP_CENTER","position":{"x":5.0,"y":5.0},"size":{"width":140.0,"height":40.79999923706055},"alignment":{"x":0.0,"y":0.0},"style":{"color":"#0b006b","fontSize":14,"bold":false,"italic":false,"underline":false,"strikeThrough":false,"iconURL":["/icons-override/full/obj16/Class.svg"]},"isHeader":false,"displayHeaderSeparator":false},"outsideLabels":[],"style":{"color":"#fefefe","borderColor":"#0b006b","borderSize":1,"borderRadius":0,"borderStyle":"Solid"},"childrenLayoutStrategy":{"kind":"FreeForm"},"position":{"x":415.2007540916846,"y":232.52964997808817},"size":{"width":150.0,"height":70.0},"userResizable":true,"borderNodes":[],"childNodes":[],"customizedProperties":[],"defaultWidth":null,"defaultHeight":null,"labelEditable":false,"pinned":false},{"id":"4594a8e3-d35c-31a9-9380-20f5dd9be6a6","type":"node:rectangle","targetObjectId":"UML.metamodel.uml#Package","targetObjectKind":"siriusComponents://semantic?domain=uml&entity=Class","targetObjectLabel":"Package","descriptionId":"siriusComponents://nodeDescription?sourceKind=view&sourceId=papyrus-web-Profile%20Diagram&sourceElementId=papyrus-web-Profile%20Diagram#//@descriptions.0/@nodeDescriptions.5","borderNode":false,"modifiers":[],"state":"Normal","collapsingState":"EXPANDED","insideLabel":{"id":"9ccaeba4-42b2-36e0-8527-be94f41884b7","type":"label:inside-v_top-h_center","text":"«Metaclass»\nPackage","insideLabelLocation":"TOP_CENTER","position":{"x":5.0,"y":5.0},"size":{"width":140.0,"height":40.79999923706055},"alignment":{"x":0.0,"y":0.0},"style":{"color":"#0b006b","fontSize":14,"bold":false,"italic":false,"underline":false,"strikeThrough":false,"iconURL":["/icons-override/full/obj16/Class.svg"]},"isHeader":false,"displayHeaderSeparator":false},"outsideLabels":[],"style":{"color":"#fefefe","borderColor":"#0b006b","borderSize":1,"borderRadius":0,"borderStyle":"Solid"},"childrenLayoutStrategy":{"kind":"FreeForm"},"position":{"x":1067.6220416422734,"y":275.4533377675142},"size":{"width":150.0,"height":70.0},"userResizable":true,"borderNodes":[],"childNodes":[],"customizedProperties":[],"defaultWidth":null,"defaultHeight":null,"labelEditable":false,"pinned":false},{"id":"77776d31-32fc-37ce-b2b5-d314e40c5416","type":"node:rectangle","targetObjectId":"bc02b191-6335-492c-a75a-768bd5175e91","targetObjectKind":"siriusComponents://semantic?domain=uml&entity=Stereotype","targetObjectLabel":"IoMTcomponent","descriptionId":"siriusComponents://nodeDescription?sourceKind=view&sourceId=papyrus-web-Profile%20Diagram&sourceElementId=papyrus-web-Profile%20Diagram#//@descriptions.0/@nodeDescriptions.9","borderNode":false,"modifiers":[],"state":"Normal","collapsingState":"EXPANDED","insideLabel":{"id":"aef0e600-10cb-3b2d-b06f-bd4848f9d967","type":"label:inside-center","text":"«stereotype»\nIoMTcomponent","insideLabelLocation":"TOP_CENTER","position":{"x":144.69921875,"y":5.0},"size":{"width":132.5263671875,"height":32.59375},"alignment":{"x":20.0,"y":12.9951171875},"style":{"color":"#0b006b","fontSize":14,"bold":false,"italic":false,"underline":false,"strikeThrough":false,"iconURL":["/icons-override/full/obj16/Stereotype.svg"]},"isHeader":true,"displayHeaderSeparator":true},"outsideLabels":[],"style":{"color":"#fefefe","borderColor":"#0b006b","borderSize":1,"borderRadius":0,"borderStyle":"Solid"},"childrenLayoutStrategy":{"areChildNodesDraggable":false,"kind":"List"},"position":{"x":238.250775840115,"y":334.84796936748603},"size":{"width":421.9248046875,"height":188.59375},"userResizable":true,"borderNodes":[],"childNodes":[{"id":"216f32de-2f9e-36af-a703-6a1a6330ec3b","type":"node:rectangle","targetObjectId":"bc02b191-6335-492c-a75a-768bd5175e91","targetObjectKind":"siriusComponents://semantic?domain=uml&entity=Stereotype","targetObjectLabel":"IoMTcomponent","descriptionId":"siriusComponents://nodeDescription?sourceKind=view&sourceId=papyrus-web-Profile%20Diagram&sourceElementId=papyrus-web-Profile%20Diagram#//@descriptions.0/@nodeDescriptions.10/@childrenDescriptions.17","borderNode":false,"modifiers":[],"state":"Normal","collapsingState":"EXPANDED","insideLabel":{"id":"c0264805-9527-3783-9142-0a90e0a28054","type":"label:inside-v_top-h_center","text":"","insideLabelLocation":"TOP_CENTER","position":{"x":5.0,"y":5.0},"size":{"width":0.0,"height":0.0},"alignment":{"x":0.0,"y":0.0},"style":{"color":"#0b006b","fontSize":14,"bold":false,"italic":false,"underline":false,"strikeThrough":false,"iconURL":[]},"isHeader":false,"displayHeaderSeparator":false},"outsideLabels":[],"style":{"color":"#fefefe","borderColor":"#0b006b","borderSize":1,"borderRadius":0,"borderStyle":"Solid"},"childrenLayoutStrategy":{"areChildNodesDraggable":true,"kind":"List"},"position":{"x":0.0,"y":48.59375},"size":{"width":421.9248046875,"height":70.0},"userResizable":true,"borderNodes":[],"childNodes":[{"id":"ed982777-7433-3166-a600-780e9d652eea","type":"node:icon-label","targetObjectId":"380839d7-0fce-4fae-9a71-ba719ddbd216","targetObjectKind":"siriusComponents://semantic?domain=uml&entity=Property","targetObjectLabel":"supportedFeatures","descriptionId":"siriusComponents://nodeDescription?sourceKind=view&sourceId=papyrus-web-Profile%20Diagram&sourceElementId=papyrus-web-Profile%20Diagram#//@descriptions.0/@nodeDescriptions.10/@childrenDescriptions.0","borderNode":false,"modifiers":[],"state":"Normal","collapsingState":"EXPANDED","insideLabel":{"id":"61bdde37-7f37-3b33-8263-81923fda1522","type":"label:inside-center","text":"+ supportedFeatures: ComponentAnnotationKind [*]","insideLabelLocation":"TOP_CENTER","position":{"x":5.0,"y":0.0},"size":{"width":389.126953125,"height":16.296875},"alignment":{"x":20.0,"y":12.9951171875},"style":{"color":"#0b006b","fontSize":14,"bold":false,"italic":false,"underline":false,"strikeThrough":false,"iconURL":["/icons-override/full/obj16/Property.svg"]},"isHeader":false,"displayHeaderSeparator":false},"outsideLabels":[],"style":{"backgroundColor":"transparent"},"childrenLayoutStrategy":{"areChildNodesDraggable":true,"kind":"List"},"position":{"x":0.0,"y":5.0},"size":{"width":421.9248046875,"height":16.296875},"userResizable":true,"borderNodes":[],"childNodes":[],"customizedProperties":[],"defaultWidth":null,"defaultHeight":null,"labelEditable":true,"pinned":false}],"customizedProperties":[],"defaultWidth":null,"defaultHeight":null,"labelEditable":false,"pinned":false},{"id":"22f09862-9c14-3699-be90-13c82a7de31d","type":"node:rectangle","targetObjectId":"bc02b191-6335-492c-a75a-768bd5175e91","targetObjectKind":"siriusComponents://semantic?domain=uml&entity=Stereotype","targetObjectLabel":"IoMTcomponent","descriptionId":"siriusComponents://nodeDescription?sourceKind=view&sourceId=papyrus-web-Profile%20Diagram&sourceElementId=papyrus-web-Profile%20Diagram#//@descriptions.0/@nodeDescriptions.10/@childrenDescriptions.18","borderNode":false,"modifiers":[],"state":"Normal","collapsingState":"EXPANDED","insideLabel":{"id":"a567e4ad-473a-3b6c-95ce-21e6c9df5431","type":"label:inside-v_top-h_center","text":"","insideLabelLocation":"TOP_CENTER","position":{"x":5.0,"y":5.0},"size":{"width":0.0,"height":0.0},"alignment":{"x":0.0,"y":0.0},"style":{"color":"#0b006b","fontSize":14,"bold":false,"italic":false,"underline":false,"strikeThrough":false,"iconURL":[]},"isHeader":false,"displayHeaderSeparator":false},"outsideLabels":[],"style":{"color":"#fefefe","borderColor":"#0b006b","borderSize":1,"borderRadius":0,"borderStyle":"Solid"},"childrenLayoutStrategy":{"areChildNodesDraggable":true,"kind":"List"},"position":{"x":0.0,"y":118.59375},"size":{"width":421.9248046875,"height":70.0},"userResizable":true,"borderNodes":[],"childNodes":[],"customizedProperties":[],"defaultWidth":null,"defaultHeight":null,"labelEditable":false,"pinned":false}],"customizedProperties":[],"defaultWidth":null,"defaultHeight":null,"labelEditable":true,"pinned":false},{"id":"fa5782b1-6606-3b1f-9e4d-552b00c78f0b","type":"node:rectangle","targetObjectId":"72cc2369-953c-441c-9c9a-1ed3e5dd3b82","targetObjectKind":"siriusComponents://semantic?domain=uml&entity=Stereotype","targetObjectLabel":"IoMTp","descriptionId":"siriusComponents://nodeDescription?sourceKind=view&sourceId=papyrus-web-Profile%20Diagram&sourceElementId=papyrus-web-Profile%20Diagram#//@descriptions.0/@nodeDescriptions.9","borderNode":false,"modifiers":[],"state":"Normal","collapsingState":"EXPANDED","insideLabel":{"id":"0b8405eb-b1b4-3d3f-9d85-88083de1a782","type":"label:inside-center","text":"«stereotype»\nIoMTp","insideLabelLocation":"TOP_CENTER","position":{"x":133.40625,"y":5.0},"size":{"width":112.736328125,"height":32.59375},"alignment":{"x":20.0,"y":12.9951171875},"style":{"color":"#0b006b","fontSize":14,"bold":false,"italic":false,"underline":false,"strikeThrough":false,"iconURL":["/icons-override/full/obj16/Stereotype.svg"]},"isHeader":true,"displayHeaderSeparator":true},"outsideLabels":[],"style":{"color":"#fefefe","borderColor":"#0b006b","borderSize":1,"borderRadius":0,"borderStyle":"Solid"},"childrenLayoutStrategy":{"areChildNodesDraggable":false,"kind":"List"},"position":{"x":594.6607578692431,"y":116.63902113162467},"size":{"width":379.548828125,"height":188.59375},"userResizable":true,"borderNodes":[],"childNodes":[{"id":"2917069b-252a-3844-8575-b823e7efbb32","type":"node:rectangle","targetObjectId":"72cc2369-953c-441c-9c9a-1ed3e5dd3b82","targetObjectKind":"siriusComponents://semantic?domain=uml&entity=Stereotype","targetObjectLabel":"IoMTp","descriptionId":"siriusComponents://nodeDescription?sourceKind=view&sourceId=papyrus-web-Profile%20Diagram&sourceElementId=papyrus-web-Profile%20Diagram#//@descriptions.0/@nodeDescriptions.10/@childrenDescriptions.17","borderNode":false,"modifiers":[],"state":"Normal","collapsingState":"EXPANDED","insideLabel":{"id":"fa9ea682-3184-3aae-80ba-63850391286b","type":"label:inside-v_top-h_center","text":"","insideLabelLocation":"TOP_CENTER","position":{"x":5.0,"y":5.0},"size":{"width":0.0,"height":0.0},"alignment":{"x":0.0,"y":0.0},"style":{"color":"#0b006b","fontSize":14,"bold":false,"italic":false,"underline":false,"strikeThrough":false,"iconURL":[]},"isHeader":false,"displayHeaderSeparator":false},"outsideLabels":[],"style":{"color":"#fefefe","borderColor":"#0b006b","borderSize":1,"borderRadius":0,"borderStyle":"Solid"},"childrenLayoutStrategy":{"areChildNodesDraggable":true,"kind":"List"},"position":{"x":0.0,"y":48.59375},"size":{"width":379.548828125,"height":70.0},"userResizable":true,"borderNodes":[],"childNodes":[{"id":"59b969ad-1fb9-3cdb-8d25-5d689c13082c","type":"node:icon-label","targetObjectId":"6f2429bf-79e3-4562-9afc-b066d3609006","targetObjectKind":"siriusComponents://semantic?domain=uml&entity=Property","targetObjectLabel":"supportedFeatures","descriptionId":"siriusComponents://nodeDescription?sourceKind=view&sourceId=papyrus-web-Profile%20Diagram&sourceElementId=papyrus-web-Profile%20Diagram#//@descriptions.0/@nodeDescriptions.10/@childrenDescriptions.0","borderNode":false,"modifiers":[],"state":"Normal","collapsingState":"EXPANDED","insideLabel":{"id":"f4fdb931-3d23-3e4d-ae0b-f0a270fb1899","type":"label:inside-center","text":"+ supportedFeatures: PropertyAnnotationKind [1]","insideLabelLocation":"TOP_CENTER","position":{"x":5.0,"y":0.0},"size":{"width":369.548828125,"height":16.296875},"alignment":{"x":20.0,"y":12.9951171875},"style":{"color":"#0b006b","fontSize":14,"bold":false,"italic":false,"underline":false,"strikeThrough":false,"iconURL":["/icons-override/full/obj16/Property.svg"]},"isHeader":false,"displayHeaderSeparator":false},"outsideLabels":[],"style":{"backgroundColor":"transparent"},"childrenLayoutStrategy":{"areChildNodesDraggable":true,"kind":"List"},"position":{"x":0.0,"y":5.0},"size":{"width":379.548828125,"height":16.296875},"userResizable":true,"borderNodes":[],"childNodes":[],"customizedProperties":[],"defaultWidth":null,"defaultHeight":null,"labelEditable":true,"pinned":false}],"customizedProperties":[],"defaultWidth":null,"defaultHeight":null,"labelEditable":false,"pinned":false},{"id":"4b4db135-d065-3171-88fd-185c1b24c931","type":"node:rectangle","targetObjectId":"72cc2369-953c-441c-9c9a-1ed3e5dd3b82","targetObjectKind":"siriusComponents://semantic?domain=uml&entity=Stereotype","targetObjectLabel":"IoMTp","descriptionId":"siriusComponents://nodeDescription?sourceKind=view&sourceId=papyrus-web-Profile%20Diagram&sourceElementId=papyrus-web-Profile%20Diagram#//@descriptions.0/@nodeDescriptions.10/@childrenDescriptions.18","borderNode":false,"modifiers":[],"state":"Normal","collapsingState":"EXPANDED","insideLabel":{"id":"3cb7034d-eb4b-3273-af1b-901b27f05c14","type":"label:inside-v_top-h_center","text":"","insideLabelLocation":"TOP_CENTER","position":{"x":5.0,"y":5.0},"size":{"width":0.0,"height":0.0},"alignment":{"x":0.0,"y":0.0},"style":{"color":"#0b006b","fontSize":14,"bold":false,"italic":false,"underline":false,"strikeThrough":false,"iconURL":[]},"isHeader":false,"displayHeaderSeparator":false},"outsideLabels":[],"style":{"color":"#fefefe","borderColor":"#0b006b","borderSize":1,"borderRadius":0,"borderStyle":"Solid"},"childrenLayoutStrategy":{"areChildNodesDraggable":true,"kind":"List"},"position":{"x":0.0,"y":118.59375},"size":{"width":379.548828125,"height":70.0},"userResizable":true,"borderNodes":[],"childNodes":[],"customizedProperties":[],"defaultWidth":null,"defaultHeight":null,"labelEditable":false,"pinned":false}],"customizedProperties":[],"defaultWidth":null,"defaultHeight":null,"labelEditable":true,"pinned":false},{"id":"e2924e32-a9cc-3e0c-bb1e-8cc7c08ddc79","type":"node:rectangle","targetObjectId":"4a4e5c3d-fc25-45f7-a275-ec3d5f96239a","targetObjectKind":"siriusComponents://semantic?domain=uml&entity=Stereotype","targetObjectLabel":"IoMTpkg","descriptionId":"siriusComponents://nodeDescription?sourceKind=view&sourceId=papyrus-web-Profile%20Diagram&sourceElementId=papyrus-web-Profile%20Diagram#//@descriptions.0/@nodeDescriptions.9","borderNode":false,"modifiers":[],"state":"Normal","collapsingState":"EXPANDED","insideLabel":{"id":"542d541b-eaa0-3f7d-9a47-32fca8f3a8f3","type":"label:inside-center","text":"«stereotype»\nIoMTpkg","insideLabelLocation":"TOP_CENTER","position":{"x":132.9619140625,"y":5.0},"size":{"width":112.736328125,"height":32.59375},"alignment":{"x":20.0,"y":12.9951171875},"style":{"color":"#0b006b","fontSize":14,"bold":false,"italic":false,"underline":false,"strikeThrough":false,"iconURL":["/icons-override/full/obj16/Stereotype.svg"]},"isHeader":true,"displayHeaderSeparator":true},"outsideLabels":[],"style":{"color":"#fefefe","borderColor":"#0b006b","borderSize":1,"borderRadius":0,"borderStyle":"Solid"},"childrenLayoutStrategy":{"areChildNodesDraggable":false,"kind":"List"},"position":{"x":661.3062638211782,"y":338.90401649521056},"size":{"width":378.66015625,"height":188.59375},"userResizable":true,"borderNodes":[],"childNodes":[{"id":"906559d9-da22-3bb1-90cf-ec4b12f44324","type":"node:rectangle","targetObjectId":"4a4e5c3d-fc25-45f7-a275-ec3d5f96239a","targetObjectKind":"siriusComponents://semantic?domain=uml&entity=Stereotype","targetObjectLabel":"IoMTpkg","descriptionId":"siriusComponents://nodeDescription?sourceKind=view&sourceId=papyrus-web-Profile%20Diagram&sourceElementId=papyrus-web-Profile%20Diagram#//@descriptions.0/@nodeDescriptions.10/@childrenDescriptions.17","borderNode":false,"modifiers":[],"state":"Normal","collapsingState":"EXPANDED","insideLabel":{"id":"713a37f0-7981-39f4-a78a-df83cc02b4fb","type":"label:inside-v_top-h_center","text":"","insideLabelLocation":"TOP_CENTER","position":{"x":5.0,"y":5.0},"size":{"width":0.0,"height":0.0},"alignment":{"x":0.0,"y":0.0},"style":{"color":"#0b006b","fontSize":14,"bold":false,"italic":false,"underline":false,"strikeThrough":false,"iconURL":[]},"isHeader":false,"displayHeaderSeparator":false},"outsideLabels":[],"style":{"color":"#fefefe","borderColor":"#0b006b","borderSize":1,"borderRadius":0,"borderStyle":"Solid"},"childrenLayoutStrategy":{"areChildNodesDraggable":true,"kind":"List"},"position":{"x":0.0,"y":48.59375},"size":{"width":378.66015625,"height":70.0},"userResizable":true,"borderNodes":[],"childNodes":[{"id":"d86379c6-9d71-3e76-a080-47c039b2be00","type":"node:icon-label","targetObjectId":"f74bb22b-3cec-4dcb-b75f-21ac457f5813","targetObjectKind":"siriusComponents://semantic?domain=uml&entity=Property","targetObjectLabel":"supportedFeatures","descriptionId":"siriusComponents://nodeDescription?sourceKind=view&sourceId=papyrus-web-Profile%20Diagram&sourceElementId=papyrus-web-Profile%20Diagram#//@descriptions.0/@nodeDescriptions.10/@childrenDescriptions.0","borderNode":false,"modifiers":[],"state":"Normal","collapsingState":"EXPANDED","insideLabel":{"id":"0a8676f7-288b-36ca-9cf8-c0ceed7ae577","type":"label:inside-center","text":"+ supportedFeatures: PackageAnnotationKind [1]","insideLabelLocation":"TOP_CENTER","position":{"x":5.0,"y":0.0},"size":{"width":368.66015625,"height":16.296875},"alignment":{"x":20.0,"y":12.9951171875},"style":{"color":"#0b006b","fontSize":14,"bold":false,"italic":false,"underline":false,"strikeThrough":false,"iconURL":["/icons-override/full/obj16/Property.svg"]},"isHeader":false,"displayHeaderSeparator":false},"outsideLabels":[],"style":{"backgroundColor":"transparent"},"childrenLayoutStrategy":{"areChildNodesDraggable":true,"kind":"List"},"position":{"x":0.0,"y":5.0},"size":{"width":378.66015625,"height":16.296875},"userResizable":true,"borderNodes":[],"childNodes":[],"customizedProperties":[],"defaultWidth":null,"defaultHeight":null,"labelEditable":true,"pinned":false}],"customizedProperties":[],"defaultWidth":null,"defaultHeight":null,"labelEditable":false,"pinned":false},{"id":"91f928e1-5902-31bf-b19a-66193b4bcc47","type":"node:rectangle","targetObjectId":"4a4e5c3d-fc25-45f7-a275-ec3d5f96239a","targetObjectKind":"siriusComponents://semantic?domain=uml&entity=Stereotype","targetObjectLabel":"IoMTpkg","descriptionId":"siriusComponents://nodeDescription?sourceKind=view&sourceId=papyrus-web-Profile%20Diagram&sourceElementId=papyrus-web-Profile%20Diagram#//@descriptions.0/@nodeDescriptions.10/@childrenDescriptions.18","borderNode":false,"modifiers":[],"state":"Normal","collapsingState":"EXPANDED","insideLabel":{"id":"4dfc1e0b-695b-32a9-abc8-779da4d09220","type":"label:inside-v_top-h_center","text":"","insideLabelLocation":"TOP_CENTER","position":{"x":5.0,"y":5.0},"size":{"width":0.0,"height":0.0},"alignment":{"x":0.0,"y":0.0},"style":{"color":"#0b006b","fontSize":14,"bold":false,"italic":false,"underline":false,"strikeThrough":false,"iconURL":[]},"isHeader":false,"displayHeaderSeparator":false},"outsideLabels":[],"style":{"color":"#fefefe","borderColor":"#0b006b","borderSize":1,"borderRadius":0,"borderStyle":"Solid"},"childrenLayoutStrategy":{"areChildNodesDraggable":true,"kind":"List"},"position":{"x":0.0,"y":118.59375},"size":{"width":378.66015625,"height":70.0},"userResizable":true,"borderNodes":[],"childNodes":[],"customizedProperties":[],"defaultWidth":null,"defaultHeight":null,"labelEditable":false,"pinned":false}],"customizedProperties":[],"defaultWidth":null,"defaultHeight":null,"labelEditable":true,"pinned":false}],"edges":[{"id":"14710937-c8d5-3a6e-a7a3-cda99e004438","type":"edge:straight","targetObjectId":"1cbf8704-f232-4863-b22b-c6f7f7325cc5","targetObjectKind":"siriusComponents://semantic?domain=uml&entity=Extension","targetObjectLabel":"E_Stereotype1_Class1","descriptionId":"siriusComponents://edgeDescription?sourceKind=view&sourceId=papyrus-web-Profile%20Diagram&sourceElementId=papyrus-web-Profile%20Diagram#//@descriptions.0/@edgeDescriptions.3","beginLabel":null,"centerLabel":{"id":"1c9a3416-7f94-3aa0-8e00-da5c898e1900","type":"label:edge-center","text":"E_Stereotype1_Class1","position":{"x":-1.0,"y":-1.0},"size":{"width":154.6904296875,"height":16.296875},"alignment":{"x":0.0,"y":12.9951171875},"style":{"color":"#0b006b","fontSize":14,"bold":false,"italic":false,"underline":false,"strikeThrough":false,"iconURL":[]}},"endLabel":null,"sourceId":"77776d31-32fc-37ce-b2b5-d314e40c5416","targetId":"3e643976-518c-3066-9050-508e64ddc8e6","modifiers":[],"state":"Normal","style":{"size":1,"lineStyle":"Solid","sourceArrow":"None","targetArrow":"InputFillClosedArrow","color":"#0b006b"},"routingPoints":[],"sourceAnchorRelativePosition":{"x":-1.097362017583641,"y":-2.235175867578629},"targetAnchorRelativePosition":{"x":-2.04,"y":-3.3642857142857143}},{"id":"b0b34261-0b51-3ca7-b245-06e62b0b6593","type":"edge:straight","targetObjectId":"8881c764-dd23-4be5-9d7b-02d5ebff38f3","targetObjectKind":"siriusComponents://semantic?domain=uml&entity=Extension","targetObjectLabel":"E_Stereotype2_Property1","descriptionId":"siriusComponents://edgeDescription?sourceKind=view&sourceId=papyrus-web-Profile%20Diagram&sourceElementId=papyrus-web-Profile%20Diagram#//@descriptions.0/@edgeDescriptions.3","beginLabel":null,"centerLabel":{"id":"7a1ff31f-58e6-3c0e-b17e-967f74ebfd7e","type":"label:edge-center","text":"E_Stereotype2_Property1","position":{"x":-1.0,"y":-1.0},"size":{"width":177.65234375,"height":16.296875},"alignment":{"x":0.0,"y":12.9951171875},"style":{"color":"#0b006b","fontSize":14,"bold":false,"italic":false,"underline":false,"strikeThrough":false,"iconURL":[]}},"endLabel":null,"sourceId":"fa5782b1-6606-3b1f-9e4d-552b00c78f0b","targetId":"f4e44dfc-12c5-3913-adeb-98949743b118","modifiers":[],"state":"Normal","style":{"size":1,"lineStyle":"Solid","sourceArrow":"None","targetArrow":"InputFillClosedArrow","color":"#0b006b"},"routingPoints":[],"sourceAnchorRelativePosition":{"x":-3.92,"y":-1.2487158243579122},"targetAnchorRelativePosition":{"x":-2.563655715386693,"y":-4.631114312233578}},{"id":"562939c7-a817-3a28-990f-a318e3109630","type":"edge:straight","targetObjectId":"fcba0f4c-d9b3-4e3b-b16d-05ddf81ed4e3","targetObjectKind":"siriusComponents://semantic?domain=uml&entity=Extension","targetObjectLabel":"E_Stereotype3_Package1","descriptionId":"siriusComponents://edgeDescription?sourceKind=view&sourceId=papyrus-web-Profile%20Diagram&sourceElementId=papyrus-web-Profile%20Diagram#//@descriptions.0/@edgeDescriptions.3","beginLabel":null,"centerLabel":{"id":"d79dff2f-be34-3776-b5c2-db6e96ce5239","type":"label:edge-center","text":"E_Stereotype3_Package1","position":{"x":-1.0,"y":-1.0},"size":{"width":176.763671875,"height":16.296875},"alignment":{"x":0.0,"y":12.9951171875},"style":{"color":"#0b006b","fontSize":14,"bold":false,"italic":false,"underline":false,"strikeThrough":false,"iconURL":[]}},"endLabel":null,"sourceId":"e2924e32-a9cc-3e0c-bb1e-8cc7c08ddc79","targetId":"4594a8e3-d35c-31a9-9380-20f5dd9be6a6","modifiers":[],"state":"Normal","style":{"size":1,"lineStyle":"Solid","sourceArrow":"None","targetArrow":"InputFillClosedArrow","color":"#0b006b"},"routingPoints":[],"sourceAnchorRelativePosition":{"x":-5.705862736890591,"y":-2.194241004790356},"targetAnchorRelativePosition":{"x":-5.705862736890591,"y":-4.483144849959732}}],"layoutData":{"nodeLayoutData":{"59b969ad-1fb9-3cdb-8d25-5d689c13082c":{"id":"59b969ad-1fb9-3cdb-8d25-5d689c13082c","position":{"x":1.0,"y":1.0},"size":{"width":353.75,"height":20.015625},"resizedByUser":false},"b392b2a9-e243-37ba-bba0-4139a890de20":{"id":"b392b2a9-e243-37ba-bba0-4139a890de20","position":{"x":1.0,"y":381.296875},"size":{"width":226.796875,"height":20.015625},"resizedByUser":false},"d389b33a-dc27-3c50-9554-23988537e29e":{"id":"d389b33a-dc27-3c50-9554-23988537e29e","position":{"x":1.0,"y":241.1875},"size":{"width":226.796875,"height":20.015625},"resizedByUser":false},"d913b0a4-98ea-3ff4-8aa5-175d9b7ac15c":{"id":"d913b0a4-98ea-3ff4-8aa5-175d9b7ac15c","position":{"x":1.0,"y":481.375},"size":{"width":226.796875,"height":20.015625},"resizedByUser":false},"db82440a-572a-37bc-aebe-a860e1a9d4f2":{"id":"db82440a-572a-37bc-aebe-a860e1a9d4f2","position":{"x":1.0,"y":141.109375},"size":{"width":226.796875,"height":20.015625},"resizedByUser":false},"9d7308e1-fd8b-3aef-906c-63a8785c8fc0":{"id":"9d7308e1-fd8b-3aef-906c-63a8785c8fc0","position":{"x":1.0,"y":1.0},"size":{"width":207.1875,"height":20.015625},"resizedByUser":false},"36c4f97c-9fbd-3c87-9ddf-c77007ad6480":{"id":"36c4f97c-9fbd-3c87-9ddf-c77007ad6480","position":{"x":1.0,"y":201.15625},"size":{"width":226.796875,"height":20.015625},"resizedByUser":false},"2917069b-252a-3844-8575-b823e7efbb32":{"id":"2917069b-252a-3844-8575-b823e7efbb32","position":{"x":1.0,"y":58.03125},"size":{"width":353.75,"height":70.0},"resizedByUser":false},"0fbdacef-e61e-3c7a-95d4-7618ee8b615c":{"id":"0fbdacef-e61e-3c7a-95d4-7618ee8b615c","position":{"x":1.0,"y":341.265625},"size":{"width":226.796875,"height":20.015625},"resizedByUser":false},"a934e664-ab49-3ff5-87c0-aa06761aa071":{"id":"a934e664-ab49-3ff5-87c0-aa06761aa071","position":{"x":1.0,"y":101.078125},"size":{"width":255.703125,"height":20.015625},"resizedByUser":false},"a1421218-c16c-3296-83ad-2efa2016ec21":{"id":"a1421218-c16c-3296-83ad-2efa2016ec21","position":{"x":1.0,"y":401.3125},"size":{"width":226.796875,"height":20.015625},"resizedByUser":false},"f86c2b71-80c6-3f97-84e6-7be06f5184cd":{"id":"f86c2b71-80c6-3f97-84e6-7be06f5184cd","position":{"x":1.0,"y":21.015625},"size":{"width":226.796875,"height":20.015625},"resizedByUser":false},"55260a8a-c1f3-3920-adb6-d44d59df76ed":{"id":"55260a8a-c1f3-3920-adb6-d44d59df76ed","position":{"x":1.0,"y":181.140625},"size":{"width":226.796875,"height":20.015625},"resizedByUser":false},"96b810fd-be18-390c-bf2a-5dd45213a8fe":{"id":"96b810fd-be18-390c-bf2a-5dd45213a8fe","position":{"x":1.0,"y":461.359375},"size":{"width":226.796875,"height":20.015625},"resizedByUser":false},"de6b43f6-8d5f-36fd-bd6b-a8acf916aa5b":{"id":"de6b43f6-8d5f-36fd-bd6b-a8acf916aa5b","position":{"x":1.0,"y":41.03125},"size":{"width":255.703125,"height":20.015625},"resizedByUser":false},"86e04613-d319-347f-afc8-66a4995566e6":{"id":"86e04613-d319-347f-afc8-66a4995566e6","position":{"x":1.0,"y":1.0},"size":{"width":226.796875,"height":20.015625},"resizedByUser":false},"d86379c6-9d71-3e76-a080-47c039b2be00":{"id":"d86379c6-9d71-3e76-a080-47c039b2be00","position":{"x":1.0,"y":1.0},"size":{"width":355.171875,"height":20.015625},"resizedByUser":false},"36e83750-145e-3fa0-bd65-00d5331768f7":{"id":"36e83750-145e-3fa0-bd65-00d5331768f7","position":{"x":1.0,"y":21.015625},"size":{"width":207.1875,"height":20.015625},"resizedByUser":false},"e882053b-b322-3e29-b8c2-e806f0365e05":{"id":"e882053b-b322-3e29-b8c2-e806f0365e05","position":{"x":1.0,"y":221.171875},"size":{"width":226.796875,"height":20.015625},"resizedByUser":false},"7ed18ad3-b1bd-3842-b3f7-904a1e703bd1":{"id":"7ed18ad3-b1bd-3842-b3f7-904a1e703bd1","position":{"x":1.0,"y":41.03125},"size":{"width":226.796875,"height":20.015625},"resizedByUser":false},"906559d9-da22-3bb1-90cf-ec4b12f44324":{"id":"906559d9-da22-3bb1-90cf-ec4b12f44324","position":{"x":1.0,"y":58.03125},"size":{"width":355.171875,"height":70.0},"resizedByUser":false},"d753f7b1-fe21-3d41-93ed-054585069c6e":{"id":"d753f7b1-fe21-3d41-93ed-054585069c6e","position":{"x":1.0,"y":301.234375},"size":{"width":226.796875,"height":20.015625},"resizedByUser":false},"ed982777-7433-3166-a600-780e9d652eea":{"id":"ed982777-7433-3166-a600-780e9d652eea","position":{"x":1.0,"y":1.0},"size":{"width":371.03125,"height":20.015625},"resizedByUser":false},"9d522f78-e740-3822-bb0e-3dbb13dde086":{"id":"9d522f78-e740-3822-bb0e-3dbb13dde086","position":{"x":1.0,"y":61.046875},"size":{"width":255.703125,"height":20.015625},"resizedByUser":false},"1005fede-6252-3423-8cc9-d33be792bb84":{"id":"1005fede-6252-3423-8cc9-d33be792bb84","position":{"x":1.0,"y":1.0},"size":{"width":255.703125,"height":20.015625},"resizedByUser":false},"0070f836-8633-3544-afc1-896d55a10e74":{"id":"0070f836-8633-3544-afc1-896d55a10e74","position":{"x":1.0,"y":421.328125},"size":{"width":226.796875,"height":20.015625},"resizedByUser":false},"b749b7f2-737b-3377-b553-37f0434ea688":{"id":"b749b7f2-737b-3377-b553-37f0434ea688","position":{"x":1060.7011910258827,"y":517.5786871168561},"size":{"width":257.703125,"height":181.125},"resizedByUser":false},"fa5782b1-6606-3b1f-9e4d-552b00c78f0b":{"id":"fa5782b1-6606-3b1f-9e4d-552b00c78f0b","position":{"x":662.7887934532067,"y":261.3462439446851},"size":{"width":355.75,"height":199.03125},"resizedByUser":false},"58353818-c829-34b0-9b74-83940ef4cb3e":{"id":"58353818-c829-34b0-9b74-83940ef4cb3e","position":{"x":673.7830395263813,"y":501.3630631303155},"size":{"width":209.1875,"height":129.03125},"resizedByUser":false},"22f09862-9c14-3699-be90-13c82a7de31d":{"id":"22f09862-9c14-3699-be90-13c82a7de31d","position":{"x":1.0,"y":128.03125},"size":{"width":371.03125,"height":70.0},"resizedByUser":false},"bebcbc04-22e9-3a95-9445-942c4e5492c7":{"id":"bebcbc04-22e9-3a95-9445-942c4e5492c7","position":{"x":1.0,"y":101.078125},"size":{"width":226.796875,"height":20.015625},"resizedByUser":false},"b8cb7c31-beac-31bb-8bc3-e8586de0d7b8":{"id":"b8cb7c31-beac-31bb-8bc3-e8586de0d7b8","position":{"x":1.0,"y":441.34375},"size":{"width":226.796875,"height":20.015625},"resizedByUser":false},"b084d8c9-7eb1-37ce-ab2d-5a1be327c90f":{"id":"b084d8c9-7eb1-37ce-ab2d-5a1be327c90f","position":{"x":1.0,"y":321.25},"size":{"width":226.796875,"height":20.015625},"resizedByUser":false},"73b1b825-6347-37a4-9e13-d0d1bbbf51b2":{"id":"73b1b825-6347-37a4-9e13-d0d1bbbf51b2","position":{"x":1.0,"y":261.203125},"size":{"width":226.796875,"height":20.015625},"resizedByUser":false},"7ccf34f2-b268-313d-b720-9f9ec4a63da6":{"id":"7ccf34f2-b268-313d-b720-9f9ec4a63da6","position":{"x":1.0,"y":361.28125},"size":{"width":226.796875,"height":20.015625},"resizedByUser":false},"3e643976-518c-3066-9050-508e64ddc8e6":{"id":"3e643976-518c-3066-9050-508e64ddc8e6","position":{"x":351.83313425325764,"y":96.42382439265498},"size":{"width":154.25,"height":72.03125},"resizedByUser":false},"5b29bfd1-45f5-3e98-9ed9-e063dec381c6":{"id":"5b29bfd1-45f5-3e98-9ed9-e063dec381c6","position":{"x":1.0,"y":58.03125},"size":{"width":207.1875,"height":70.0},"resizedByUser":false},"d095a2a7-c4ad-3082-af7f-ed380a0b82c6":{"id":"d095a2a7-c4ad-3082-af7f-ed380a0b82c6","position":{"x":1.0,"y":121.09375},"size":{"width":226.796875,"height":20.015625},"resizedByUser":false},"ff0757ea-1a21-395e-9286-3311422978bd":{"id":"ff0757ea-1a21-395e-9286-3311422978bd","position":{"x":1.0,"y":281.21875},"size":{"width":226.796875,"height":20.015625},"resizedByUser":false},"f4e44dfc-12c5-3913-adeb-98949743b118":{"id":"f4e44dfc-12c5-3913-adeb-98949743b118","position":{"x":762.8526436727739,"y":95.35882586754519},"size":{"width":154.25,"height":72.03125},"resizedByUser":false},"77776d31-32fc-37ce-b2b5-d314e40c5416":{"id":"77776d31-32fc-37ce-b2b5-d314e40c5416","position":{"x":241.16447075636745,"y":254.7223518262192},"size":{"width":373.03125,"height":199.03125},"resizedByUser":true},"57e31c7a-929a-313e-bff4-f4a2d5dcbcac":{"id":"57e31c7a-929a-313e-bff4-f4a2d5dcbcac","position":{"x":1.0,"y":161.125},"size":{"width":226.796875,"height":20.015625},"resizedByUser":false},"5b153a01-a6ce-3df4-8a54-775e12d7ee5c":{"id":"5b153a01-a6ce-3df4-8a54-775e12d7ee5c","position":{"x":1.0,"y":21.015625},"size":{"width":255.703125,"height":20.015625},"resizedByUser":false},"1cf7f516-1113-3ab9-ae8e-2b649a497019":{"id":"1cf7f516-1113-3ab9-ae8e-2b649a497019","position":{"x":1.0,"y":61.046875},"size":{"width":226.796875,"height":20.015625},"resizedByUser":false},"2b450e0c-cb65-398e-bbd5-ab4321d24ac1":{"id":"2b450e0c-cb65-398e-bbd5-ab4321d24ac1","position":{"x":305.1911107563178,"y":489.10168558350335},"size":{"width":228.796875,"height":561.421875},"resizedByUser":false},"e2924e32-a9cc-3e0c-bb1e-8cc7c08ddc79":{"id":"e2924e32-a9cc-3e0c-bb1e-8cc7c08ddc79","position":{"x":1053.741538866233,"y":263.5859206912762},"size":{"width":357.171875,"height":199.03125},"resizedByUser":false},"5862bb69-18de-3941-ab23-6af5c673c9fb":{"id":"5862bb69-18de-3941-ab23-6af5c673c9fb","position":{"x":1.0,"y":81.0625},"size":{"width":226.796875,"height":20.015625},"resizedByUser":false},"4b4db135-d065-3171-88fd-185c1b24c931":{"id":"4b4db135-d065-3171-88fd-185c1b24c931","position":{"x":1.0,"y":128.03125},"size":{"width":353.75,"height":70.0},"resizedByUser":false},"216f32de-2f9e-36af-a703-6a1a6330ec3b":{"id":"216f32de-2f9e-36af-a703-6a1a6330ec3b","position":{"x":1.0,"y":58.03125},"size":{"width":371.03125,"height":70.0},"resizedByUser":false},"91f928e1-5902-31bf-b19a-66193b4bcc47":{"id":"91f928e1-5902-31bf-b19a-66193b4bcc47","position":{"x":1.0,"y":128.03125},"size":{"width":355.171875,"height":70.0},"resizedByUser":false},"cb5beb39-ce1c-395c-9528-ba5d388edc24":{"id":"cb5beb39-ce1c-395c-9528-ba5d388edc24","position":{"x":1.0,"y":58.03125},"size":{"width":226.796875,"height":502.390625},"resizedByUser":false},"4594a8e3-d35c-31a9-9380-20f5dd9be6a6":{"id":"4594a8e3-d35c-31a9-9380-20f5dd9be6a6","position":{"x":1153.844065008295,"y":106.54087002585268},"size":{"width":154.25,"height":72.03125},"resizedByUser":false},"2cbef7d0-9526-31a2-ae0d-c31a08a73245":{"id":"2cbef7d0-9526-31a2-ae0d-c31a08a73245","position":{"x":1.0,"y":58.03125},"size":{"width":255.703125,"height":122.09375},"resizedByUser":false},"6ad5195b-1068-32f5-8bd3-dea6e303b005":{"id":"6ad5195b-1068-32f5-8bd3-dea6e303b005","position":{"x":1.0,"y":81.0625},"size":{"width":255.703125,"height":20.015625},"resizedByUser":false}},"edgeLayoutData":{},"labelLayoutData":{}}}}