{"id":"d3b742bd-ee1d-40fd-971e-04d2603799c2","projectId":"64c747e5-7c16-4e5a-a2a9-e8822428263e","descriptionId":"siriusComponents://representationDescription?kind=diagramDescription&sourceKind=view&sourceId=papyrus-web-Profile%20Diagram&sourceElementId=papyrus-web-Profile%20Diagram#//@descriptions.0","targetObjectId":"64cdf7c0-9978-4031-8881-d0b11e6e50a4","label":"Assertions","kind":"siriusComponents://representation?type=Diagram","representation":{"id":"d3b742bd-ee1d-40fd-971e-04d2603799c2","kind":"siriusComponents://representation?type=Diagram","targetObjectId":"64cdf7c0-9978-4031-8881-d0b11e6e50a4","descriptionId":"siriusComponents://representationDescription?kind=diagramDescription&sourceKind=view&sourceId=papyrus-web-Profile%20Diagram&sourceElementId=papyrus-web-Profile%20Diagram#//@descriptions.0","label":"Assertions","position":{"x":0.0,"y":0.0},"size":{"width":1195.0749805929734,"height":788.2335263710974},"nodes":[{"id":"268466f1-30ac-3cbc-b182-5a4edae17fd3","type":"node:rectangle","targetObjectId":"UML.metamodel.uml#Constraint","targetObjectKind":"siriusComponents://semantic?domain=uml&entity=Class","targetObjectLabel":"Constraint","descriptionId":"siriusComponents://nodeDescription?sourceKind=view&sourceId=papyrus-web-Profile%20Diagram&sourceElementId=papyrus-web-Profile%20Diagram#//@descriptions.0/@nodeDescriptions.5","borderNode":false,"modifiers":[],"state":"Normal","collapsingState":"EXPANDED","insideLabel":{"id":"78097ab3-f97f-31a7-a6fd-8b772e52e265","type":"label:inside-v_top-h_center","text":"«Metaclass»\nConstraint","insideLabelLocation":"TOP_CENTER","position":{"x":5.0,"y":5.0},"size":{"width":140.0,"height":40.79999923706055},"alignment":{"x":0.0,"y":0.0},"style":{"color":"#0b006b","fontSize":14,"bold":false,"italic":false,"underline":false,"strikeThrough":false,"iconURL":["/icons-override/full/obj16/Class.svg"]},"isHeader":false,"displayHeaderSeparator":false},"outsideLabels":[],"style":{"color":"#fefefe","borderColor":"#0b006b","borderSize":1,"borderRadius":0,"borderStyle":"Solid"},"childrenLayoutStrategy":{"kind":"FreeForm"},"position":{"x":261.0,"y":191.5},"size":{"width":150.0,"height":70.0},"userResizable":true,"borderNodes":[],"childNodes":[],"customizedProperties":[],"defaultWidth":null,"defaultHeight":null,"labelEditable":false,"pinned":false},{"id":"3aa9e05f-6d83-3136-94bc-725aab6173da","type":"node:rectangle","targetObjectId":"UML.metamodel.uml#Comment","targetObjectKind":"siriusComponents://semantic?domain=uml&entity=Class","targetObjectLabel":"Comment","descriptionId":"siriusComponents://nodeDescription?sourceKind=view&sourceId=papyrus-web-Profile%20Diagram&sourceElementId=papyrus-web-Profile%20Diagram#//@descriptions.0/@nodeDescriptions.5","borderNode":false,"modifiers":[],"state":"Normal","collapsingState":"EXPANDED","insideLabel":{"id":"f8bf5c14-d658-39d5-8031-4bc05e7564ee","type":"label:inside-v_top-h_center","text":"«Metaclass»\nComment","insideLabelLocation":"TOP_CENTER","position":{"x":5.0,"y":5.0},"size":{"width":140.0,"height":40.79999923706055},"alignment":{"x":0.0,"y":0.0},"style":{"color":"#0b006b","fontSize":14,"bold":false,"italic":false,"underline":false,"strikeThrough":false,"iconURL":["/icons-override/full/obj16/Class.svg"]},"isHeader":false,"displayHeaderSeparator":false},"outsideLabels":[],"style":{"color":"#fefefe","borderColor":"#0b006b","borderSize":1,"borderRadius":0,"borderStyle":"Solid"},"childrenLayoutStrategy":{"kind":"FreeForm"},"position":{"x":256.0,"y":406.5},"size":{"width":150.0,"height":70.0},"userResizable":true,"borderNodes":[],"childNodes":[],"customizedProperties":[],"defaultWidth":null,"defaultHeight":null,"labelEditable":false,"pinned":false},{"id":"1985c099-e8b7-3895-b43e-1f046e9b15f2","type":"node:rectangle","targetObjectId":"UML.metamodel.uml#Property","targetObjectKind":"siriusComponents://semantic?domain=uml&entity=Class","targetObjectLabel":"Property","descriptionId":"siriusComponents://nodeDescription?sourceKind=view&sourceId=papyrus-web-Profile%20Diagram&sourceElementId=papyrus-web-Profile%20Diagram#//@descriptions.0/@nodeDescriptions.5","borderNode":false,"modifiers":[],"state":"Normal","collapsingState":"EXPANDED","insideLabel":{"id":"ead7b40f-cdb5-37a8-af0a-51b49e97f920","type":"label:inside-v_top-h_center","text":"«Metaclass»\nProperty","insideLabelLocation":"TOP_CENTER","position":{"x":5.0,"y":5.0},"size":{"width":140.0,"height":40.79999923706055},"alignment":{"x":0.0,"y":0.0},"style":{"color":"#0b006b","fontSize":14,"bold":false,"italic":false,"underline":false,"strikeThrough":false,"iconURL":["/icons-override/full/obj16/Class.svg"]},"isHeader":false,"displayHeaderSeparator":false},"outsideLabels":[],"style":{"color":"#fefefe","borderColor":"#0b006b","borderSize":1,"borderRadius":0,"borderStyle":"Solid"},"childrenLayoutStrategy":{"kind":"FreeForm"},"position":{"x":520.0,"y":219.5},"size":{"width":150.0,"height":70.0},"userResizable":true,"borderNodes":[],"childNodes":[],"customizedProperties":[],"defaultWidth":null,"defaultHeight":null,"labelEditable":false,"pinned":false},{"id":"051367db-588d-398a-bbfd-c93df0127bee","type":"node:rectangle","targetObjectId":"0b7b2221-5d87-4541-9f5a-678fae28a282","targetObjectKind":"siriusComponents://semantic?domain=uml&entity=Stereotype","targetObjectLabel":"Assertion","descriptionId":"siriusComponents://nodeDescription?sourceKind=view&sourceId=papyrus-web-Profile%20Diagram&sourceElementId=papyrus-web-Profile%20Diagram#//@descriptions.0/@nodeDescriptions.9","borderNode":false,"modifiers":[],"state":"Normal","collapsingState":"EXPANDED","insideLabel":{"id":"266b68d4-25cc-3f5a-8e51-775d8d596df0","type":"label:inside-center","text":"«stereotype»\nAssertion","insideLabelLocation":"TOP_CENTER","position":{"x":85.12060546875,"y":5.0},"size":{"width":112.736328125,"height":32.59375},"alignment":{"x":20.0,"y":12.9951171875},"style":{"color":"#0b006b","fontSize":14,"bold":false,"italic":false,"underline":false,"strikeThrough":false,"iconURL":["/icons-override/full/obj16/Stereotype.svg"]},"isHeader":true,"displayHeaderSeparator":true},"outsideLabels":[],"style":{"color":"#fefefe","borderColor":"#0b006b","borderSize":1,"borderRadius":0,"borderStyle":"Solid"},"childrenLayoutStrategy":{"areChildNodesDraggable":false,"kind":"List"},"position":{"x":596.9999999999998,"y":409.5000000000001},"size":{"width":282.9775390625,"height":188.59375},"userResizable":true,"borderNodes":[],"childNodes":[{"id":"e616faa4-0b07-3f51-84d2-1549b0d14098","type":"node:rectangle","targetObjectId":"0b7b2221-5d87-4541-9f5a-678fae28a282","targetObjectKind":"siriusComponents://semantic?domain=uml&entity=Stereotype","targetObjectLabel":"Assertion","descriptionId":"siriusComponents://nodeDescription?sourceKind=view&sourceId=papyrus-web-Profile%20Diagram&sourceElementId=papyrus-web-Profile%20Diagram#//@descriptions.0/@nodeDescriptions.10/@childrenDescriptions.17","borderNode":false,"modifiers":[],"state":"Normal","collapsingState":"EXPANDED","insideLabel":{"id":"64ccd847-3b72-37fa-9469-d1da6990ddcb","type":"label:inside-v_top-h_center","text":"","insideLabelLocation":"TOP_CENTER","position":{"x":5.0,"y":5.0},"size":{"width":0.0,"height":0.0},"alignment":{"x":0.0,"y":0.0},"style":{"color":"#0b006b","fontSize":14,"bold":false,"italic":false,"underline":false,"strikeThrough":false,"iconURL":[]},"isHeader":false,"displayHeaderSeparator":false},"outsideLabels":[],"style":{"color":"#fefefe","borderColor":"#0b006b","borderSize":1,"borderRadius":0,"borderStyle":"Solid"},"childrenLayoutStrategy":{"areChildNodesDraggable":true,"kind":"List"},"position":{"x":0.0,"y":48.59375},"size":{"width":282.9775390625,"height":70.0},"userResizable":true,"borderNodes":[],"childNodes":[{"id":"d96f18d6-5044-3968-851c-fe5c8cf503f0","type":"node:icon-label","targetObjectId":"2b72d171-51cf-423a-b159-fc25402b01c2","targetObjectKind":"siriusComponents://semantic?domain=uml&entity=Property","targetObjectLabel":"base_Constraint","descriptionId":"siriusComponents://nodeDescription?sourceKind=view&sourceId=papyrus-web-Profile%20Diagram&sourceElementId=papyrus-web-Profile%20Diagram#//@descriptions.0/@nodeDescriptions.10/@childrenDescriptions.0","borderNode":false,"modifiers":[],"state":"Normal","collapsingState":"EXPANDED","insideLabel":{"id":"de202ff6-e1e9-3b0d-81f8-95a1c0570a31","type":"label:inside-center","text":"+ base_Constraint: Constraint [0..1]","insideLabelLocation":"TOP_CENTER","position":{"x":5.0,"y":0.0},"size":{"width":272.9775390625,"height":16.296875},"alignment":{"x":20.0,"y":12.9951171875},"style":{"color":"#0b006b","fontSize":14,"bold":false,"italic":false,"underline":false,"strikeThrough":false,"iconURL":["/icons-override/full/obj16/Property.svg"]},"isHeader":false,"displayHeaderSeparator":false},"outsideLabels":[],"style":{"backgroundColor":"transparent"},"childrenLayoutStrategy":{"areChildNodesDraggable":true,"kind":"List"},"position":{"x":0.0,"y":5.0},"size":{"width":282.9775390625,"height":16.296875},"userResizable":true,"borderNodes":[],"childNodes":[],"customizedProperties":[],"defaultWidth":null,"defaultHeight":null,"labelEditable":true,"pinned":false}],"customizedProperties":[],"defaultWidth":null,"defaultHeight":null,"labelEditable":false,"pinned":false},{"id":"b52b5205-3c64-347c-82aa-62459030fc97","type":"node:rectangle","targetObjectId":"0b7b2221-5d87-4541-9f5a-678fae28a282","targetObjectKind":"siriusComponents://semantic?domain=uml&entity=Stereotype","targetObjectLabel":"Assertion","descriptionId":"siriusComponents://nodeDescription?sourceKind=view&sourceId=papyrus-web-Profile%20Diagram&sourceElementId=papyrus-web-Profile%20Diagram#//@descriptions.0/@nodeDescriptions.10/@childrenDescriptions.18","borderNode":false,"modifiers":[],"state":"Normal","collapsingState":"EXPANDED","insideLabel":{"id":"bc1ad8f5-7415-3402-b748-6fd6b0ebbfff","type":"label:inside-v_top-h_center","text":"","insideLabelLocation":"TOP_CENTER","position":{"x":5.0,"y":5.0},"size":{"width":0.0,"height":0.0},"alignment":{"x":0.0,"y":0.0},"style":{"color":"#0b006b","fontSize":14,"bold":false,"italic":false,"underline":false,"strikeThrough":false,"iconURL":[]},"isHeader":false,"displayHeaderSeparator":false},"outsideLabels":[],"style":{"color":"#fefefe","borderColor":"#0b006b","borderSize":1,"borderRadius":0,"borderStyle":"Solid"},"childrenLayoutStrategy":{"areChildNodesDraggable":true,"kind":"List"},"position":{"x":0.0,"y":118.59375},"size":{"width":282.9775390625,"height":70.0},"userResizable":true,"borderNodes":[],"childNodes":[],"customizedProperties":[],"defaultWidth":null,"defaultHeight":null,"labelEditable":false,"pinned":false}],"customizedProperties":[],"defaultWidth":null,"defaultHeight":null,"labelEditable":true,"pinned":false},{"id":"a32b4abf-fe39-37d4-af05-3a43633eff44","type":"node:rectangle","targetObjectId":"570df6fc-e7ea-4418-8f49-be0af584d37e","targetObjectKind":"siriusComponents://semantic?domain=uml&entity=Stereotype","targetObjectLabel":"Contract","descriptionId":"siriusComponents://nodeDescription?sourceKind=view&sourceId=papyrus-web-Profile%20Diagram&sourceElementId=papyrus-web-Profile%20Diagram#//@descriptions.0/@nodeDescriptions.9","borderNode":false,"modifiers":[],"state":"Normal","collapsingState":"EXPANDED","insideLabel":{"id":"836f97da-8cdd-3b29-9596-82021b28afc0","type":"label:inside-center","text":"«stereotype»\nContract","insideLabelLocation":"TOP_CENTER","position":{"x":81.12841796875,"y":5.0},"size":{"width":112.736328125,"height":32.59375},"alignment":{"x":20.0,"y":12.9951171875},"style":{"color":"#0b006b","fontSize":14,"bold":false,"italic":false,"underline":false,"strikeThrough":false,"iconURL":["/icons-override/full/obj16/Stereotype.svg"]},"isHeader":true,"displayHeaderSeparator":true},"outsideLabels":[],"style":{"color":"#fefefe","borderColor":"#0b006b","borderSize":1,"borderRadius":0,"borderStyle":"Solid"},"childrenLayoutStrategy":{"areChildNodesDraggable":false,"kind":"List"},"position":{"x":908.0818165304734,"y":294.72717961004383},"size":{"width":274.9931640625,"height":188.78125},"userResizable":true,"borderNodes":[],"childNodes":[{"id":"74212e85-cc2c-3898-a747-d2cff8445b35","type":"node:rectangle","targetObjectId":"570df6fc-e7ea-4418-8f49-be0af584d37e","targetObjectKind":"siriusComponents://semantic?domain=uml&entity=Stereotype","targetObjectLabel":"Contract","descriptionId":"siriusComponents://nodeDescription?sourceKind=view&sourceId=papyrus-web-Profile%20Diagram&sourceElementId=papyrus-web-Profile%20Diagram#//@descriptions.0/@nodeDescriptions.10/@childrenDescriptions.17","borderNode":false,"modifiers":[],"state":"Normal","collapsingState":"EXPANDED","insideLabel":{"id":"0a442d9c-c7bf-3b88-8845-e7a77ba43bf7","type":"label:inside-v_top-h_center","text":"","insideLabelLocation":"TOP_CENTER","position":{"x":5.0,"y":5.0},"size":{"width":0.0,"height":0.0},"alignment":{"x":0.0,"y":0.0},"style":{"color":"#0b006b","fontSize":14,"bold":false,"italic":false,"underline":false,"strikeThrough":false,"iconURL":[]},"isHeader":false,"displayHeaderSeparator":false},"outsideLabels":[],"style":{"color":"#fefefe","borderColor":"#0b006b","borderSize":1,"borderRadius":0,"borderStyle":"Solid"},"childrenLayoutStrategy":{"areChildNodesDraggable":true,"kind":"List"},"position":{"x":0.0,"y":48.59375},"size":{"width":274.9931640625,"height":70.1875},"userResizable":true,"borderNodes":[],"childNodes":[{"id":"60acafc5-a162-35de-80e3-d47c1ff993cd","type":"node:icon-label","targetObjectId":"40e999ac-c912-44bc-93c8-a71ccc2e1a74","targetObjectKind":"siriusComponents://semantic?domain=uml&entity=Property","targetObjectLabel":"name","descriptionId":"siriusComponents://nodeDescription?sourceKind=view&sourceId=papyrus-web-Profile%20Diagram&sourceElementId=papyrus-web-Profile%20Diagram#//@descriptions.0/@nodeDescriptions.10/@childrenDescriptions.0","borderNode":false,"modifiers":[],"state":"Normal","collapsingState":"EXPANDED","insideLabel":{"id":"2e47e4d2-bc3e-3ae8-aae3-678b2e1939f6","type":"label:inside-center","text":"+ name: String [1]","insideLabelLocation":"TOP_CENTER","position":{"x":5.0,"y":0.0},"size":{"width":151.11328125,"height":16.296875},"alignment":{"x":20.0,"y":12.9951171875},"style":{"color":"#0b006b","fontSize":14,"bold":false,"italic":false,"underline":false,"strikeThrough":false,"iconURL":["/icons-override/full/obj16/Property.svg"]},"isHeader":false,"displayHeaderSeparator":false},"outsideLabels":[],"style":{"backgroundColor":"transparent"},"childrenLayoutStrategy":{"areChildNodesDraggable":true,"kind":"List"},"position":{"x":0.0,"y":5.0},"size":{"width":274.9931640625,"height":16.296875},"userResizable":true,"borderNodes":[],"childNodes":[],"customizedProperties":[],"defaultWidth":null,"defaultHeight":null,"labelEditable":true,"pinned":false},{"id":"6523c5f6-57c1-3821-975f-73878913448e","type":"node:icon-label","targetObjectId":"1f8be4ae-ced3-4f51-aed3-ac203cf06342","targetObjectKind":"siriusComponents://semantic?domain=uml&entity=Property","targetObjectLabel":"assumptions","descriptionId":"siriusComponents://nodeDescription?sourceKind=view&sourceId=papyrus-web-Profile%20Diagram&sourceElementId=papyrus-web-Profile%20Diagram#//@descriptions.0/@nodeDescriptions.10/@childrenDescriptions.0","borderNode":false,"modifiers":[],"state":"Normal","collapsingState":"EXPANDED","insideLabel":{"id":"a8c14728-8b33-3b1b-a398-9a34127134d4","type":"label:inside-center","text":"+ assumptions: Assertion [*]","insideLabelLocation":"TOP_CENTER","position":{"x":5.0,"y":0.0},"size":{"width":221.7490234375,"height":16.296875},"alignment":{"x":20.0,"y":12.9951171875},"style":{"color":"#0b006b","fontSize":14,"bold":false,"italic":false,"underline":false,"strikeThrough":false,"iconURL":["/icons-override/full/obj16/Property.svg"]},"isHeader":false,"displayHeaderSeparator":false},"outsideLabels":[],"style":{"backgroundColor":"transparent"},"childrenLayoutStrategy":{"areChildNodesDraggable":true,"kind":"List"},"position":{"x":0.0,"y":21.296875},"size":{"width":274.9931640625,"height":16.296875},"userResizable":true,"borderNodes":[],"childNodes":[],"customizedProperties":[],"defaultWidth":null,"defaultHeight":null,"labelEditable":true,"pinned":false},{"id":"095093fa-6679-3a04-892e-93ad9308568e","type":"node:icon-label","targetObjectId":"91f43102-bc8c-4f12-b794-524decabebfa","targetObjectKind":"siriusComponents://semantic?domain=uml&entity=Property","targetObjectLabel":"guarantees","descriptionId":"siriusComponents://nodeDescription?sourceKind=view&sourceId=papyrus-web-Profile%20Diagram&sourceElementId=papyrus-web-Profile%20Diagram#//@descriptions.0/@nodeDescriptions.10/@childrenDescriptions.0","borderNode":false,"modifiers":[],"state":"Normal","collapsingState":"EXPANDED","insideLabel":{"id":"59a025f6-977c-313b-a2a2-7519571e4e2e","type":"label:inside-center","text":"+ guarantees: Assertion [*]","insideLabelLocation":"TOP_CENTER","position":{"x":5.0,"y":0.0},"size":{"width":212.6298828125,"height":16.296875},"alignment":{"x":20.0,"y":12.9951171875},"style":{"color":"#0b006b","fontSize":14,"bold":false,"italic":false,"underline":false,"strikeThrough":false,"iconURL":["/icons-override/full/obj16/Property.svg"]},"isHeader":false,"displayHeaderSeparator":false},"outsideLabels":[],"style":{"backgroundColor":"transparent"},"childrenLayoutStrategy":{"areChildNodesDraggable":true,"kind":"List"},"position":{"x":0.0,"y":37.59375},"size":{"width":274.9931640625,"height":16.296875},"userResizable":true,"borderNodes":[],"childNodes":[],"customizedProperties":[],"defaultWidth":null,"defaultHeight":null,"labelEditable":true,"pinned":false},{"id":"70af5a29-36fe-324c-8812-00b77b116bde","type":"node:icon-label","targetObjectId":"cdff00a6-6410-496a-a242-3cc71ce4ee41","targetObjectKind":"siriusComponents://semantic?domain=uml&entity=Property","targetObjectLabel":"base_Comment","descriptionId":"siriusComponents://nodeDescription?sourceKind=view&sourceId=papyrus-web-Profile%20Diagram&sourceElementId=papyrus-web-Profile%20Diagram#//@descriptions.0/@nodeDescriptions.10/@childrenDescriptions.0","borderNode":false,"modifiers":[],"state":"Normal","collapsingState":"EXPANDED","insideLabel":{"id":"ffbc7fad-52d1-3d1d-ae5a-67ff15500ed8","type":"label:inside-center","text":"+ base_Comment: Comment [0..1]","insideLabelLocation":"TOP_CENTER","position":{"x":5.0,"y":0.0},"size":{"width":264.9931640625,"height":16.296875},"alignment":{"x":20.0,"y":12.9951171875},"style":{"color":"#0b006b","fontSize":14,"bold":false,"italic":false,"underline":false,"strikeThrough":false,"iconURL":["/icons-override/full/obj16/Property.svg"]},"isHeader":false,"displayHeaderSeparator":false},"outsideLabels":[],"style":{"backgroundColor":"transparent"},"childrenLayoutStrategy":{"areChildNodesDraggable":true,"kind":"List"},"position":{"x":0.0,"y":53.890625},"size":{"width":274.9931640625,"height":16.296875},"userResizable":true,"borderNodes":[],"childNodes":[],"customizedProperties":[],"defaultWidth":null,"defaultHeight":null,"labelEditable":true,"pinned":false}],"customizedProperties":[],"defaultWidth":null,"defaultHeight":null,"labelEditable":false,"pinned":false},{"id":"d3667d3c-a247-3abd-8a66-da181f2c089a","type":"node:rectangle","targetObjectId":"570df6fc-e7ea-4418-8f49-be0af584d37e","targetObjectKind":"siriusComponents://semantic?domain=uml&entity=Stereotype","targetObjectLabel":"Contract","descriptionId":"siriusComponents://nodeDescription?sourceKind=view&sourceId=papyrus-web-Profile%20Diagram&sourceElementId=papyrus-web-Profile%20Diagram#//@descriptions.0/@nodeDescriptions.10/@childrenDescriptions.18","borderNode":false,"modifiers":[],"state":"Normal","collapsingState":"EXPANDED","insideLabel":{"id":"a3ea465b-0de7-3fe1-b01d-e9a7656fd27b","type":"label:inside-v_top-h_center","text":"","insideLabelLocation":"TOP_CENTER","position":{"x":5.0,"y":5.0},"size":{"width":0.0,"height":0.0},"alignment":{"x":0.0,"y":0.0},"style":{"color":"#0b006b","fontSize":14,"bold":false,"italic":false,"underline":false,"strikeThrough":false,"iconURL":[]},"isHeader":false,"displayHeaderSeparator":false},"outsideLabels":[],"style":{"color":"#fefefe","borderColor":"#0b006b","borderSize":1,"borderRadius":0,"borderStyle":"Solid"},"childrenLayoutStrategy":{"areChildNodesDraggable":true,"kind":"List"},"position":{"x":0.0,"y":118.78125},"size":{"width":274.9931640625,"height":70.0},"userResizable":true,"borderNodes":[],"childNodes":[],"customizedProperties":[],"defaultWidth":null,"defaultHeight":null,"labelEditable":false,"pinned":false}],"customizedProperties":[],"defaultWidth":null,"defaultHeight":null,"labelEditable":true,"pinned":false},{"id":"7cac4898-129b-37bf-a155-47b97e78572a","type":"node:rectangle","targetObjectId":"d092a76f-44e0-4faa-88e4-8f496a38bdf8","targetObjectKind":"siriusComponents://semantic?domain=uml&entity=Stereotype","targetObjectLabel":"Property","descriptionId":"siriusComponents://nodeDescription?sourceKind=view&sourceId=papyrus-web-Profile%20Diagram&sourceElementId=papyrus-web-Profile%20Diagram#//@descriptions.0/@nodeDescriptions.9","borderNode":false,"modifiers":[],"state":"Normal","collapsingState":"EXPANDED","insideLabel":{"id":"0f1c6e28-1f35-335f-baf2-e0ba4c6045f1","type":"label:inside-center","text":"«stereotype»\nProperty","insideLabelLocation":"TOP_CENTER","position":{"x":98.32421875,"y":5.0},"size":{"width":112.736328125,"height":32.59375},"alignment":{"x":20.0,"y":12.9951171875},"style":{"color":"#0b006b","fontSize":14,"bold":false,"italic":false,"underline":false,"strikeThrough":false,"iconURL":["/icons-override/full/obj16/Stereotype.svg"]},"isHeader":true,"displayHeaderSeparator":true},"outsideLabels":[],"style":{"color":"#fefefe","borderColor":"#0b006b","borderSize":1,"borderRadius":0,"borderStyle":"Solid"},"childrenLayoutStrategy":{"areChildNodesDraggable":false,"kind":"List"},"position":{"x":261.35623596096394,"y":587.6397763710974},"size":{"width":309.384765625,"height":188.59375},"userResizable":true,"borderNodes":[],"childNodes":[{"id":"e1c5e917-e8ce-3933-bd37-c0dde2584faa","type":"node:rectangle","targetObjectId":"d092a76f-44e0-4faa-88e4-8f496a38bdf8","targetObjectKind":"siriusComponents://semantic?domain=uml&entity=Stereotype","targetObjectLabel":"Property","descriptionId":"siriusComponents://nodeDescription?sourceKind=view&sourceId=papyrus-web-Profile%20Diagram&sourceElementId=papyrus-web-Profile%20Diagram#//@descriptions.0/@nodeDescriptions.10/@childrenDescriptions.17","borderNode":false,"modifiers":[],"state":"Normal","collapsingState":"EXPANDED","insideLabel":{"id":"0dcaf02b-32db-36e2-8bbf-45792a912e42","type":"label:inside-v_top-h_center","text":"","insideLabelLocation":"TOP_CENTER","position":{"x":5.0,"y":5.0},"size":{"width":0.0,"height":0.0},"alignment":{"x":0.0,"y":0.0},"style":{"color":"#0b006b","fontSize":14,"bold":false,"italic":false,"underline":false,"strikeThrough":false,"iconURL":[]},"isHeader":false,"displayHeaderSeparator":false},"outsideLabels":[],"style":{"color":"#fefefe","borderColor":"#0b006b","borderSize":1,"borderRadius":0,"borderStyle":"Solid"},"childrenLayoutStrategy":{"areChildNodesDraggable":true,"kind":"List"},"position":{"x":0.0,"y":48.59375},"size":{"width":309.384765625,"height":70.0},"userResizable":true,"borderNodes":[],"childNodes":[{"id":"f51ae091-756e-3dad-a0d2-0fac61f348b5","type":"node:icon-label","targetObjectId":"a3a9b891-6d5f-4b0c-86a4-ffe0424793ca","targetObjectKind":"siriusComponents://semantic?domain=uml&entity=Property","targetObjectLabel":"expression","descriptionId":"siriusComponents://nodeDescription?sourceKind=view&sourceId=papyrus-web-Profile%20Diagram&sourceElementId=papyrus-web-Profile%20Diagram#//@descriptions.0/@nodeDescriptions.10/@childrenDescriptions.0","borderNode":false,"modifiers":[],"state":"Normal","collapsingState":"EXPANDED","insideLabel":{"id":"6f9494da-4ab6-3e13-b0da-6d47023d0206","type":"label:inside-center","text":"+/ expression: OpaqueExpression [0..1]","insideLabelLocation":"TOP_CENTER","position":{"x":5.0,"y":0.0},"size":{"width":299.384765625,"height":16.296875},"alignment":{"x":20.0,"y":12.9951171875},"style":{"color":"#0b006b","fontSize":14,"bold":false,"italic":false,"underline":false,"strikeThrough":false,"iconURL":["/icons-override/full/obj16/Property.svg","/icons-override/full/ovr16/VisibilityKind_public.svg"]},"isHeader":false,"displayHeaderSeparator":false},"outsideLabels":[],"style":{"backgroundColor":"transparent"},"childrenLayoutStrategy":{"areChildNodesDraggable":true,"kind":"List"},"position":{"x":0.0,"y":5.0},"size":{"width":309.384765625,"height":16.296875},"userResizable":true,"borderNodes":[],"childNodes":[],"customizedProperties":[],"defaultWidth":null,"defaultHeight":null,"labelEditable":true,"pinned":false}],"customizedProperties":[],"defaultWidth":null,"defaultHeight":null,"labelEditable":false,"pinned":false},{"id":"6f70918a-e9fe-37d2-a7ea-03613a758215","type":"node:rectangle","targetObjectId":"d092a76f-44e0-4faa-88e4-8f496a38bdf8","targetObjectKind":"siriusComponents://semantic?domain=uml&entity=Stereotype","targetObjectLabel":"Property","descriptionId":"siriusComponents://nodeDescription?sourceKind=view&sourceId=papyrus-web-Profile%20Diagram&sourceElementId=papyrus-web-Profile%20Diagram#//@descriptions.0/@nodeDescriptions.10/@childrenDescriptions.18","borderNode":false,"modifiers":[],"state":"Normal","collapsingState":"EXPANDED","insideLabel":{"id":"9455a09e-6e7d-32c0-8bf8-17c2531630d8","type":"label:inside-v_top-h_center","text":"","insideLabelLocation":"TOP_CENTER","position":{"x":5.0,"y":5.0},"size":{"width":0.0,"height":0.0},"alignment":{"x":0.0,"y":0.0},"style":{"color":"#0b006b","fontSize":14,"bold":false,"italic":false,"underline":false,"strikeThrough":false,"iconURL":[]},"isHeader":false,"displayHeaderSeparator":false},"outsideLabels":[],"style":{"color":"#fefefe","borderColor":"#0b006b","borderSize":1,"borderRadius":0,"borderStyle":"Solid"},"childrenLayoutStrategy":{"areChildNodesDraggable":true,"kind":"List"},"position":{"x":0.0,"y":118.59375},"size":{"width":309.384765625,"height":70.0},"userResizable":true,"borderNodes":[],"childNodes":[],"customizedProperties":[],"defaultWidth":null,"defaultHeight":null,"labelEditable":false,"pinned":false}],"customizedProperties":[],"defaultWidth":null,"defaultHeight":null,"labelEditable":true,"pinned":false}],"edges":[{"id":"9d409109-b833-348f-bbf4-ccaa4f2bd685","type":"edge:straight","targetObjectId":"a4c938f6-0d11-4f7d-a153-ae3c48200588","targetObjectKind":"siriusComponents://semantic?domain=uml&entity=Extension","targetObjectLabel":"E_Assertion_Constraint6","descriptionId":"siriusComponents://edgeDescription?sourceKind=view&sourceId=papyrus-web-Profile%20Diagram&sourceElementId=papyrus-web-Profile%20Diagram#//@descriptions.0/@edgeDescriptions.3","beginLabel":null,"centerLabel":{"id":"7d5c11e4-dcc0-35d5-b7be-b5764136c6ee","type":"label:edge-center","text":"E_Assertion_Constraint6","position":{"x":409.36625680242605,"y":338.50000000000006},"size":{"width":169.6884765625,"height":16.296875},"alignment":{"x":0.0,"y":12.9951171875},"style":{"color":"#0b006b","fontSize":14,"bold":false,"italic":false,"underline":false,"strikeThrough":false,"iconURL":[]}},"endLabel":null,"sourceId":"051367db-588d-398a-bbfd-c93df0127bee","targetId":"268466f1-30ac-3cbc-b182-5a4edae17fd3","modifiers":[],"state":"Normal","style":{"size":1,"lineStyle":"Solid","sourceArrow":"None","targetArrow":"InputFillClosedArrow","color":"#0b006b"},"routingPoints":[],"sourceAnchorRelativePosition":{"x":0.5,"y":0.5},"targetAnchorRelativePosition":{"x":0.5,"y":0.5}},{"id":"09701018-2b48-3319-821f-b5b599c423f7","type":"edge:straight","targetObjectId":"5bd4c83f-cd5c-4562-80bd-48d0e20a8a75","targetObjectKind":"siriusComponents://semantic?domain=uml&entity=Extension","targetObjectLabel":"E_Contract_Comment9","descriptionId":"siriusComponents://edgeDescription?sourceKind=view&sourceId=papyrus-web-Profile%20Diagram&sourceElementId=papyrus-web-Profile%20Diagram#//@descriptions.0/@edgeDescriptions.3","beginLabel":null,"centerLabel":{"id":"7c8b2c2f-d8be-3c06-9f45-90c4fd154c87","type":"label:edge-center","text":"E_Contract_Comment9","position":{"x":576.7562402964867,"y":420.59955940979484},"size":{"width":160.5693359375,"height":16.296875},"alignment":{"x":0.0,"y":12.9951171875},"style":{"color":"#0b006b","fontSize":14,"bold":false,"italic":false,"underline":false,"strikeThrough":false,"iconURL":[]}},"endLabel":null,"sourceId":"a32b4abf-fe39-37d4-af05-3a43633eff44","targetId":"3aa9e05f-6d83-3136-94bc-725aab6173da","modifiers":[],"state":"Normal","style":{"size":1,"lineStyle":"Solid","sourceArrow":"None","targetArrow":"InputFillClosedArrow","color":"#0b006b"},"routingPoints":[],"sourceAnchorRelativePosition":{"x":0.5,"y":0.5},"targetAnchorRelativePosition":{"x":0.5,"y":0.5}},{"id":"9bdaa953-8e9e-38f5-9b98-b3892faad101","type":"edge:straight","targetObjectId":"eec755be-f841-4abc-a87a-e88797c73566","targetObjectKind":"siriusComponents://semantic?domain=uml&entity=Extension","targetObjectLabel":"E_Property_Property1","descriptionId":"siriusComponents://edgeDescription?sourceKind=view&sourceId=papyrus-web-Profile%20Diagram&sourceElementId=papyrus-web-Profile%20Diagram#//@descriptions.0/@edgeDescriptions.3","beginLabel":null,"centerLabel":{"id":"bf7281aa-4e00-3d0e-aae0-a3af0201b4cf","type":"label:edge-center","text":"E_Property_Property1","position":{"x":442.2665662884301,"y":441.5698881855486},"size":{"width":151.3408203125,"height":16.296875},"alignment":{"x":0.0,"y":12.9951171875},"style":{"color":"#0b006b","fontSize":14,"bold":false,"italic":false,"underline":false,"strikeThrough":false,"iconURL":[]}},"endLabel":null,"sourceId":"7cac4898-129b-37bf-a155-47b97e78572a","targetId":"1985c099-e8b7-3895-b43e-1f046e9b15f2","modifiers":[],"state":"Normal","style":{"size":1,"lineStyle":"Solid","sourceArrow":"None","targetArrow":"InputFillClosedArrow","color":"#0b006b"},"routingPoints":[],"sourceAnchorRelativePosition":{"x":0.5,"y":0.5},"targetAnchorRelativePosition":{"x":0.5,"y":0.5}}],"layoutData":{"nodeLayoutData":{"1985c099-e8b7-3895-b43e-1f046e9b15f2":{"id":"1985c099-e8b7-3895-b43e-1f046e9b15f2","position":{"x":150.0,"y":110.0},"size":{"width":154.25,"height":72.03125},"resizedByUser":false},"d3667d3c-a247-3abd-8a66-da181f2c089a":{"id":"d3667d3c-a247-3abd-8a66-da181f2c089a","position":{"x":1.0,"y":140.09375},"size":{"width":260.875,"height":70.0},"resizedByUser":false},"3aa9e05f-6d83-3136-94bc-725aab6173da":{"id":"3aa9e05f-6d83-3136-94bc-725aab6173da","position":{"x":817.7245711349099,"y":97.47958444228092},"size":{"width":154.25,"height":72.03125},"resizedByUser":false},"e1c5e917-e8ce-3933-bd37-c0dde2584faa":{"id":"e1c5e917-e8ce-3933-bd37-c0dde2584faa","position":{"x":1.0,"y":58.03125},"size":{"width":293.234375,"height":70.0},"resizedByUser":false},"268466f1-30ac-3cbc-b182-5a4edae17fd3":{"id":"268466f1-30ac-3cbc-b182-5a4edae17fd3","position":{"x":509.7127511214294,"y":106.14756444377878},"size":{"width":154.25,"height":72.03125},"resizedByUser":false},"7cac4898-129b-37bf-a155-47b97e78572a":{"id":"7cac4898-129b-37bf-a155-47b97e78572a","position":{"x":79.6930510989622,"y":272.88932666716596},"size":{"width":295.234375,"height":199.03125},"resizedByUser":false},"70af5a29-36fe-324c-8812-00b77b116bde":{"id":"70af5a29-36fe-324c-8812-00b77b116bde","position":{"x":1.0,"y":61.046875},"size":{"width":260.875,"height":20.015625},"resizedByUser":false},"a32b4abf-fe39-37d4-af05-3a43633eff44":{"id":"a32b4abf-fe39-37d4-af05-3a43633eff44","position":{"x":762.8273644587571,"y":275.77865333433186},"size":{"width":262.875,"height":211.09375},"resizedByUser":true},"f51ae091-756e-3dad-a0d2-0fac61f348b5":{"id":"f51ae091-756e-3dad-a0d2-0fac61f348b5","position":{"x":1.0,"y":1.0},"size":{"width":293.234375,"height":20.015625},"resizedByUser":false},"74212e85-cc2c-3898-a747-d2cff8445b35":{"id":"74212e85-cc2c-3898-a747-d2cff8445b35","position":{"x":1.0,"y":58.03125},"size":{"width":260.875,"height":82.0625},"resizedByUser":false},"b52b5205-3c64-347c-82aa-62459030fc97":{"id":"b52b5205-3c64-347c-82aa-62459030fc97","position":{"x":1.0,"y":128.03125},"size":{"width":268.03125,"height":70.0},"resizedByUser":false},"d96f18d6-5044-3968-851c-fe5c8cf503f0":{"id":"d96f18d6-5044-3968-851c-fe5c8cf503f0","position":{"x":1.0,"y":1.0},"size":{"width":268.03125,"height":20.015625},"resizedByUser":false},"095093fa-6679-3a04-892e-93ad9308568e":{"id":"095093fa-6679-3a04-892e-93ad9308568e","position":{"x":1.0,"y":41.03125},"size":{"width":260.875,"height":20.015625},"resizedByUser":false},"051367db-588d-398a-bbfd-c93df0127bee":{"id":"051367db-588d-398a-bbfd-c93df0127bee","position":{"x":451.9262177781105,"y":270.0},"size":{"width":270.03125,"height":199.03125},"resizedByUser":false},"6f70918a-e9fe-37d2-a7ea-03613a758215":{"id":"6f70918a-e9fe-37d2-a7ea-03613a758215","position":{"x":1.0,"y":128.03125},"size":{"width":293.234375,"height":70.0},"resizedByUser":false},"60acafc5-a162-35de-80e3-d47c1ff993cd":{"id":"60acafc5-a162-35de-80e3-d47c1ff993cd","position":{"x":1.0,"y":1.0},"size":{"width":260.875,"height":20.015625},"resizedByUser":false},"6523c5f6-57c1-3821-975f-73878913448e":{"id":"6523c5f6-57c1-3821-975f-73878913448e","position":{"x":1.0,"y":21.015625},"size":{"width":260.875,"height":20.015625},"resizedByUser":false},"e616faa4-0b07-3f51-84d2-1549b0d14098":{"id":"e616faa4-0b07-3f51-84d2-1549b0d14098","position":{"x":1.0,"y":58.03125},"size":{"width":268.03125,"height":70.0},"resizedByUser":false}},"edgeLayoutData":{},"labelLayoutData":{}}}}