{"json":{"version":"1.0","encoding":"utf-8"},"ns":{"ecore":"http://www.eclipse.org/emf/2002/Ecore","uml":"http://www.eclipse.org/uml2/5.0.0/UML"},"content":[{"id":"64cdf7c0-9978-4031-8881-d0b11e6e50a4","eClass":"uml:Profile","data":{"eAnnotations":[{"source":"http://www.eclipse.org/uml2/2.0.0/UML","contents":[{"id":"93456618-34ce-4f3e-b3de-d35275695228","eClass":"ecore:EPackage","data":{"eAnnotations":[{"source":"PapyrusVersion","details":[{"key":"Version","value":"0.0.1"},{"key":"Comment","value":""},{"key":"Copyright","value":""},{"key":"Date","value":"2024-01-26"},{"key":"Author","value":""}]}],"name":"assertions","nsURI":"http://www.eclipse.org/papyrus/robotics/assertions/1","nsPrefix":"assertions","eClassifiers":[{"id":"8d50104b-4541-41cc-9793-1ac0703ac7d0","eClass":"ecore:EClass","data":{"eAnnotations":[{"source":"http://www.eclipse.org/uml2/2.0.0/UML","references":["//Assertion"]}],"name":"Assertion","eStructuralFeatures":[{"id":"05d11580-4fee-4be1-ad19-1505170bbf86","eClass":"ecore:EReference","data":{"name":"base_Constraint","ordered":false,"eType":"ecore:EClass http://www.eclipse.org/uml2/5.0.0/UML#//Constraint"}}]}},{"id":"394aaa13-1da4-4ab3-8862-fad37013a5f8","eClass":"ecore:EClass","data":{"eAnnotations":[{"source":"http://www.eclipse.org/uml2/2.0.0/UML","references":["//Contract"]}],"name":"Contract","eStructuralFeatures":[{"id":"2e422e7a-7632-41f0-84bf-d2f35e80a6cc","eClass":"ecore:EAttribute","data":{"name":"name","ordered":false,"lowerBound":1,"eType":"ecore:EDataType http://www.eclipse.org/uml2/5.0.0/Types#//String"}},{"id":"93105bee-2465-4d49-aece-008228ff0a74","eClass":"ecore:EReference","data":{"name":"assumptions","ordered":false,"upperBound":-1,"eType":"//%http:%2F%2Fwww.eclipse.org%2Fuml2%2F2.0.0%2FUML%/assertions/Assertion"}},{"id":"511ea207-50cb-4bb3-aaeb-3bbcba9dc696","eClass":"ecore:EReference","data":{"name":"guarantees","ordered":false,"upperBound":-1,"eType":"//%http:%2F%2Fwww.eclipse.org%2Fuml2%2F2.0.0%2FUML%/assertions/Assertion"}},{"id":"4cdf1ccc-0c0a-487c-851a-b10a2a9a11f9","eClass":"ecore:EReference","data":{"name":"base_Comment","ordered":false,"eType":"ecore:EClass http://www.eclipse.org/uml2/5.0.0/UML#//Comment"}}]}},{"id":"42bc2f2c-e27f-43b8-b68e-4f47f08cc41d","eClass":"ecore:EClass","data":{"eAnnotations":[{"source":"http://www.eclipse.org/uml2/2.0.0/UML","references":["//Property"]}],"name":"Property","eStructuralFeatures":[{"id":"aefabb72-3962-4e9d-bc55-d7ec03e4824e","eClass":"ecore:EReference","data":{"name":"base_Property","ordered":false,"eType":"ecore:EClass http://www.eclipse.org/uml2/5.0.0/UML#//Property"}},{"id":"cf3efd7e-a33c-4f94-ad36-8ef0b3c9a274","eClass":"ecore:EReference","data":{"name":"expression","ordered":false,"eType":"ecore:EClass http://www.eclipse.org/uml2/5.0.0/UML#//OpaqueExpression","changeable":false,"derived":true}}]}}]}},{"id":"343c66e4-3269-4a62-b643-49e3acb2e2cd","eClass":"ecore:EPackage","data":{"eAnnotations":[{"source":"PapyrusVersion","details":[{"key":"Version","value":"0.0.1"},{"key":"Comment","value":""},{"key":"Copyright","value":""},{"key":"Date","value":"2024-01-26"},{"key":"Author","value":""}]}],"name":"assertions","nsURI":"http://www.eclipse.org/papyrus/robotics/assertions/1","nsPrefix":"assertions","eClassifiers":[{"id":"d70ff6fe-6b45-412a-a1b4-949b1734f873","eClass":"ecore:EClass","data":{"eAnnotations":[{"source":"http://www.eclipse.org/uml2/2.0.0/UML","references":["//Assertion"]}],"name":"Assertion","eStructuralFeatures":[{"id":"717cd755-ba56-4beb-966c-8225e93f8ab9","eClass":"ecore:EReference","data":{"name":"base_Constraint","ordered":false,"eType":"ecore:EClass http://www.eclipse.org/uml2/5.0.0/UML#//Constraint"}}]}},{"id":"49454bcc-14e7-4fac-9b41-c663fd7c3d4e","eClass":"ecore:EClass","data":{"eAnnotations":[{"source":"http://www.eclipse.org/uml2/2.0.0/UML","references":["//Contract"]}],"name":"Contract","eStructuralFeatures":[{"id":"e94c4adb-79cd-44ea-856c-e6cea429fd8a","eClass":"ecore:EAttribute","data":{"name":"name","ordered":false,"lowerBound":1,"eType":"ecore:EDataType http://www.eclipse.org/uml2/5.0.0/Types#//String"}},{"id":"5ae0d52c-a904-4f0c-bd26-9f3b69a827a5","eClass":"ecore:EReference","data":{"name":"assumptions","ordered":false,"upperBound":-1,"eType":"//%http:%2F%2Fwww.eclipse.org%2Fuml2%2F2.0.0%2FUML%/assertions.1/Assertion"}},{"id":"43bbd3e9-cb78-4bc3-89f6-3194f3d1151a","eClass":"ecore:EReference","data":{"name":"guarantees","ordered":false,"upperBound":-1,"eType":"//%http:%2F%2Fwww.eclipse.org%2Fuml2%2F2.0.0%2FUML%/assertions.1/Assertion"}},{"id":"de899a87-4a47-4fbf-8088-6581b3f41ebb","eClass":"ecore:EReference","data":{"name":"base_Comment","ordered":false,"eType":"ecore:EClass http://www.eclipse.org/uml2/5.0.0/UML#//Comment"}}]}},{"id":"4ef68e21-6ebf-456d-9cb6-fa254cbce0b2","eClass":"ecore:EClass","data":{"eAnnotations":[{"source":"http://www.eclipse.org/uml2/2.0.0/UML","references":["//Property"]}],"name":"Property","eStructuralFeatures":[{"id":"a3d7983e-fbab-4d92-b49b-e6064febbd17","eClass":"ecore:EReference","data":{"name":"base_Property","ordered":false,"eType":"ecore:EClass http://www.eclipse.org/uml2/5.0.0/UML#//Property"}},{"id":"a9180f83-bd2c-4692-bf68-94e4d81ec4b5","eClass":"ecore:EReference","data":{"name":"expression","ordered":false,"eType":"ecore:EClass http://www.eclipse.org/uml2/5.0.0/UML#//OpaqueExpression","changeable":false,"derived":true}}]}}]}}]}],"name":"assertions","elementImport":[{"id":"981bdfbb-badd-424f-a16c-8f2736a2b2c9","eClass":"uml:ElementImport","data":{"alias":"Constraint","importedElement":"uml:Class pathmap://UML_METAMODELS/UML.metamodel.uml#Constraint"}},{"id":"2c95cb26-fabe-436b-b83a-a4b9974b98b1","eClass":"uml:ElementImport","data":{"alias":"Comment","importedElement":"uml:Class pathmap://UML_METAMODELS/UML.metamodel.uml#Comment"}},{"id":"488d6e7e-cce4-4753-af27-0a7dd83073ee","eClass":"uml:ElementImport","data":{"alias":"Property","importedElement":"uml:Class pathmap://UML_METAMODELS/UML.metamodel.uml#Property"}}],"packageImport":[{"id":"c1eaa019-983c-4c02-81cb-9b7552546658","eClass":"uml:PackageImport","data":{"importedPackage":"uml:Model pathmap://UML_LIBRARIES/UMLPrimitiveTypes.library.uml#_0"}},{"id":"ea9d1032-e545-47e6-b111-d929ff9c43a7","eClass":"uml:PackageImport","data":{"importedPackage":"uml:Model pathmap://UML_METAMODELS/UML.metamodel.uml#_0"}}],"URI":"http://www.eclipse.org/papyrus/robotics/assertions/1","packagedElement":[{"id":"0b7b2221-5d87-4541-9f5a-678fae28a282","eClass":"uml:Stereotype","data":{"name":"Assertion","ownedAttribute":[{"id":"2b72d171-51cf-423a-b159-fc25402b01c2","eClass":"uml:Property","data":{"name":"base_Constraint","type":"uml:Class pathmap://UML_METAMODELS/UML.metamodel.uml#Constraint","lowerValue":{"id":"e2d96e0a-13da-4c36-ab98-6c60dfcb8d0c","eClass":"uml:LiteralInteger"},"association":"//E_Assertion_Constraint6"}}]}},{"id":"a4c938f6-0d11-4f7d-a153-ae3c48200588","eClass":"uml:Extension","data":{"name":"E_Assertion_Constraint6","memberEnd":["//Assertion/base_Constraint","//E_Assertion_Constraint6/extension_Assertion"],"ownedEnd":[{"id":"0ad26214-cb50-4737-803e-87b4d5da91fa","eClass":"uml:ExtensionEnd","data":{"name":"extension_Assertion","type":"//Assertion","aggregation":"composite","association":"//E_Assertion_Constraint6"}}]}},{"id":"570df6fc-e7ea-4418-8f49-be0af584d37e","eClass":"uml:Stereotype","data":{"name":"Contract","ownedAttribute":[{"id":"40e999ac-c912-44bc-93c8-a71ccc2e1a74","eClass":"uml:Property","data":{"name":"name","type":"uml:PrimitiveType pathmap://UML_LIBRARIES/UMLPrimitiveTypes.library.uml#String"}},{"id":"1f8be4ae-ced3-4f51-aed3-ac203cf06342","eClass":"uml:Property","data":{"name":"assumptions","type":"//Assertion","lowerValue":{"id":"02d32ec7-ca5b-450b-bc60-9889144c1f31","eClass":"uml:LiteralInteger"},"upperValue":{"id":"a268356d-4f28-486a-8fc0-2b57f882e3a7","eClass":"uml:LiteralUnlimitedNatural","data":{"value":"*"}}}},{"id":"91f43102-bc8c-4f12-b794-524decabebfa","eClass":"uml:Property","data":{"name":"guarantees","type":"//Assertion","lowerValue":{"id":"c883f533-9da8-44c0-b9e9-d87724854325","eClass":"uml:LiteralInteger"},"upperValue":{"id":"f8e13a7a-ce8e-47b6-bbd8-c02998d5f89f","eClass":"uml:LiteralUnlimitedNatural","data":{"value":"*"}}}},{"id":"cdff00a6-6410-496a-a242-3cc71ce4ee41","eClass":"uml:Property","data":{"name":"base_Comment","type":"uml:Class pathmap://UML_METAMODELS/UML.metamodel.uml#Comment","lowerValue":{"id":"211ceaa4-de9f-4322-9fc8-0263a944650f","eClass":"uml:LiteralInteger"},"association":"//E_Contract_Comment9"}}]}},{"id":"5bd4c83f-cd5c-4562-80bd-48d0e20a8a75","eClass":"uml:Extension","data":{"name":"E_Contract_Comment9","memberEnd":["//Contract/base_Comment","//E_Contract_Comment9/extension_Contract"],"ownedEnd":[{"id":"eddf8367-e12b-462e-905c-1c3ba44afc51","eClass":"uml:ExtensionEnd","data":{"name":"extension_Contract","type":"//Contract","aggregation":"composite","association":"//E_Contract_Comment9"}}]}},{"id":"d092a76f-44e0-4faa-88e4-8f496a38bdf8","eClass":"uml:Stereotype","data":{"name":"Property","ownedAttribute":[{"id":"d433fd09-0ea2-4e61-88e7-f0f72719925b","eClass":"uml:Property","data":{"name":"base_Property","type":"uml:Class pathmap://UML_METAMODELS/UML.metamodel.uml#Property","lowerValue":{"id":"37608c77-90d1-4969-a209-3f670ae22e1a","eClass":"uml:LiteralInteger"},"association":"//E_Property_Property1"}},{"id":"a3a9b891-6d5f-4b0c-86a4-ffe0424793ca","eClass":"uml:Property","data":{"name":"expression","visibility":"public","type":"uml:Class pathmap://UML_METAMODELS/UML.metamodel.uml#OpaqueExpression","lowerValue":{"id":"28314e79-92ee-49f0-bb30-0ad4ca7752b8","eClass":"uml:LiteralInteger"},"isReadOnly":"true","isDerived":"true"}}]}},{"id":"eec755be-f841-4abc-a87a-e88797c73566","eClass":"uml:Extension","data":{"name":"E_Property_Property1","memberEnd":["//Property/base_Property","//E_Property_Property1/extension_Property"],"ownedEnd":[{"id":"fb67b03e-cc23-4c8d-986a-03ca6135c64c","eClass":"uml:ExtensionEnd","data":{"name":"extension_Property","type":"//Property","aggregation":"composite","association":"//E_Property_Property1"}}]}}],"metaclassReference":["//@elementImport.0","//@elementImport.1","//@elementImport.2"]}}]}