{"json":{"version":"1.0","encoding":"utf-8"},"ns":{"ecore":"http://www.eclipse.org/emf/2002/Ecore","uml":"http://www.eclipse.org/uml2/5.0.0/UML"},"content":[{"id":"5b499ff5-f11d-4aab-a5b0-3ca62cda024e","eClass":"uml:Profile","data":{"eAnnotations":[{"source":"http://www.eclipse.org/uml2/2.0.0/UML","contents":[{"id":"18a9c215-1a01-4b39-b030-e57dc8a3fede","eClass":"ecore:EPackage","data":{"eAnnotations":[{"source":"PapyrusVersion","details":[{"key":"Version","value":"0.0.1"},{"key":"Comment","value":""},{"key":"Copyright","value":""},{"key":"Date","value":"2024-02-07"},{"key":"Author","value":""}]}],"name":"IoMTAssets","nsURI":"http://iomtassets","nsPrefix":"IoMTAssets","eClassifiers":[{"id":"963630bf-911d-4181-9f97-b93add076b25","eClass":"ecore:EClass","data":{"eAnnotations":[{"source":"http://www.eclipse.org/uml2/2.0.0/UML","references":["//Asset"]}],"name":"Asset","abstract":true,"eStructuralFeatures":[{"id":"10114e47-8cd4-4a4a-9756-b3d14d3f6a22","eClass":"ecore:EAttribute","data":{"name":"key","ordered":false,"lowerBound":1,"eType":"ecore:EDataType http://www.eclipse.org/uml2/5.0.0/Types#//String"}},{"id":"005a4f53-eeef-4c6d-8950-7a6afd0ec569","eClass":"ecore:EAttribute","data":{"name":"missionName","ordered":false,"lowerBound":1,"eType":"ecore:EDataType http://www.eclipse.org/uml2/5.0.0/Types#//String"}},{"id":"2f75409e-7cd6-4b0f-81d2-849944f62fb0","eClass":"ecore:EAttribute","data":{"name":"description","ordered":false,"lowerBound":1,"eType":"ecore:EDataType http://www.eclipse.org/uml2/5.0.0/Types#//String"}},{"id":"d39878d9-af46-44c2-a794-80c835619f53","eClass":"ecore:EReference","data":{"name":"base_Class","ordered":false,"eType":"ecore:EClass http://www.eclipse.org/uml2/5.0.0/UML#//Class"}}]}},{"id":"d2c710cf-efba-47cd-95f7-46406741dba4","eClass":"ecore:EClass","data":{"eAnnotations":[{"source":"http://www.eclipse.org/uml2/2.0.0/UML","references":["//Service"]}],"name":"Service","eSuperTypes":["//%http:%2F%2Fwww.eclipse.org%2Fuml2%2F2.0.0%2FUML%/IoMTAssets/Asset"],"eStructuralFeatures":[{"id":"563d3678-eb9b-493e-889a-7d89e7ab5731","eClass":"ecore:EAttribute","data":{"name":"kind","ordered":false,"lowerBound":1,"eType":"//%http:%2F%2Fwww.eclipse.org%2Fuml2%2F2.0.0%2FUML%/IoMTAssets/ServiceKind"}}]}},{"id":"c13d73b3-8522-4c59-be2b-7fdf2fae7e96","eClass":"ecore:EEnum","data":{"eAnnotations":[{"source":"http://www.eclipse.org/uml2/2.0.0/UML","references":["//ServiceKind"]}],"name":"ServiceKind","eLiterals":[{"name":"RemotePatientMonitoring"},{"name":"InfusionPump","value":1},{"name":"StressMonitoring","value":2},{"name":"OxigenLevelMonitoring","value":3},{"name":"HeartRateMonitoring","value":4},{"name":"GlucoseMonitoring","value":5},{"name":"ThermometerMonitoring","value":6},{"name":"DataStorage","value":7},{"name":"DataAnalysis","value":8},{"name":"EmergencyResponse","value":9},{"name":"VoiceBasedHealthAssitants","value":10},{"name":"SurgicalNavigation","value":11},{"name":"MedicalImageAnalysis","value":12},{"name":"IoMTCybersecurity","value":13},{"name":"Other","value":14}]}},{"id":"542e70ab-f673-432e-a483-636c5198a297","eClass":"ecore:EClass","data":{"eAnnotations":[{"source":"http://www.eclipse.org/uml2/2.0.0/UML","references":["//Information"]}],"name":"Information","eSuperTypes":["//%http:%2F%2Fwww.eclipse.org%2Fuml2%2F2.0.0%2FUML%/IoMTAssets/Asset"],"eStructuralFeatures":[{"id":"a4e2e622-095c-4961-8614-357369f1b0d1","eClass":"ecore:EAttribute","data":{"name":"location","ordered":false,"lowerBound":1,"eType":"ecore:EDataType http://www.eclipse.org/uml2/5.0.0/Types#//String"}},{"id":"3261f239-6f91-466a-a573-b9992600bd0e","eClass":"ecore:EAttribute","data":{"name":"record","ordered":false,"lowerBound":1,"eType":"ecore:EDataType http://www.eclipse.org/uml2/5.0.0/Types#//String"}},{"id":"66189458-03e9-4dd7-a8c1-13e9af9c0d14","eClass":"ecore:EAttribute","data":{"name":"kind","ordered":false,"lowerBound":1,"eType":"//%http:%2F%2Fwww.eclipse.org%2Fuml2%2F2.0.0%2FUML%/IoMTAssets/InformationKind"}}]}},{"id":"1b57f068-10d2-4c2a-8add-d15837e68127","eClass":"ecore:EEnum","data":{"eAnnotations":[{"source":"http://www.eclipse.org/uml2/2.0.0/UML","references":["//InformationKind"]}],"name":"InformationKind","eLiterals":[{"name":"PatientPersonalData"},{"name":"PatientHealthRecords","value":1},{"name":"RealTimePatientData","value":2},{"name":"InsuranceAndBilling","value":3},{"name":"DeviceSensorData","value":4},{"name":"StaffUserData","value":5},{"name":"ThirdPartyData","value":6},{"name":"Other","value":7}]}},{"id":"33254039-4f4f-4f3e-91e5-20eba13e0b29","eClass":"ecore:EClass","data":{"eAnnotations":[{"source":"http://www.eclipse.org/uml2/2.0.0/UML","references":["//IntangibleAsset"]},{"source":"duplicates","contents":[{"id":"3e1488ab-2268-41de-a11f-2178de955743","eClass":"ecore:EAttribute","data":{"eAnnotations":[{"source":"redefines","references":["//%http:%2F%2Fwww.eclipse.org%2Fuml2%2F2.0.0%2FUML%/IoMTAssets/Asset/description"]}],"name":"description","ordered":false,"lowerBound":1,"eType":"ecore:EDataType http://www.eclipse.org/uml2/5.0.0/Types#//String"}}]}],"name":"IntangibleAsset","eSuperTypes":["//%http:%2F%2Fwww.eclipse.org%2Fuml2%2F2.0.0%2FUML%/IoMTAssets/Asset"],"eStructuralFeatures":[{"id":"5a1597eb-194c-4c12-9f70-2a17427bf7b4","eClass":"ecore:EAttribute","data":{"name":"kind","ordered":false,"lowerBound":1,"eType":"//%http:%2F%2Fwww.eclipse.org%2Fuml2%2F2.0.0%2FUML%/IoMTAssets/IntangibleAssetKind"}}]}},{"id":"81f41741-f6e4-486f-afac-f500fe49527c","eClass":"ecore:EEnum","data":{"eAnnotations":[{"source":"http://www.eclipse.org/uml2/2.0.0/UML","references":["//IntangibleAssetKind"]}],"name":"IntangibleAssetKind","eLiterals":[{"name":"HospitalReputation"},{"name":"IoMTBrandEquity","value":1},{"name":"PatientSatisfaction","value":2},{"name":"DataPrivacySecurityTrust","value":3},{"name":"IntellectualProperty","value":4},{"name":"Licences","value":5},{"name":"Other","value":6}]}}]}}]}],"name":"IoMTAssets","elementImport":[{"id":"d9e0ef5e-c21e-4055-bc81-5c88ec6bfa5e","eClass":"uml:ElementImport","data":{"importedElement":"uml:Class pathmap://UML_METAMODELS/UML.metamodel.uml#Class"}}],"packageImport":[{"id":"c8608d8f-0e77-45f0-8d92-35d349d1eb4e","eClass":"uml:PackageImport","data":{"importedPackage":"uml:Model pathmap://UML_LIBRARIES/UMLPrimitiveTypes.library.uml#_0"}}],"URI":"http://iomtassets","packagedElement":[{"id":"8db37554-e39b-43de-af6b-ef84e8de8497","eClass":"uml:Stereotype","data":{"name":"Asset","isAbstract":"true","ownedAttribute":[{"id":"80dcafc8-c1d3-4bca-abc1-e036b2a7b7da","eClass":"uml:Property","data":{"name":"key","type":"uml:PrimitiveType pathmap://UML_LIBRARIES/UMLPrimitiveTypes.library.uml#String"}},{"id":"f6054309-c1c2-47b7-9030-2f3fa0c358c9","eClass":"uml:Property","data":{"name":"missionName","type":"uml:PrimitiveType pathmap://UML_LIBRARIES/UMLPrimitiveTypes.library.uml#String"}},{"id":"643a8a22-bf05-4bae-a98a-76e4d9cb8402","eClass":"uml:Property","data":{"name":"description","type":"uml:PrimitiveType pathmap://UML_LIBRARIES/UMLPrimitiveTypes.library.uml#String"}},{"id":"b491fcc9-231f-40af-90ee-54dd3ac86cb1","eClass":"uml:Property","data":{"name":"base_Class","type":"uml:Class pathmap://UML_METAMODELS/UML.metamodel.uml#Class","lowerValue":{"id":"0c260431-b72e-4810-8124-7adaf7e4f197","eClass":"uml:LiteralInteger"},"association":"//E_Asset_Class1"}}]}},{"id":"4382b8f4-32c1-476f-aab0-7d4417f5e7fe","eClass":"uml:Stereotype","data":{"name":"Service","generalization":[{"id":"5fdd3b5f-5cf3-4758-9732-e7258d433f73","eClass":"uml:Generalization","data":{"general":"//Asset"}}],"ownedAttribute":[{"id":"d82334de-ea10-4a3a-9eb6-41d9fd4115e1","eClass":"uml:Property","data":{"name":"kind","type":"//ServiceKind"}}]}},{"id":"c01b047e-6bf6-4ceb-a31c-b4839d84fb05","eClass":"uml:Stereotype","data":{"name":"Information","generalization":[{"id":"5eca0ca9-d78f-4869-96cd-2d79ca81e753","eClass":"uml:Generalization","data":{"general":"//Asset"}}],"ownedAttribute":[{"id":"49553cbf-cae5-4f0b-8023-d9d3045fe0ba","eClass":"uml:Property","data":{"name":"location","type":"uml:PrimitiveType pathmap://UML_LIBRARIES/UMLPrimitiveTypes.library.uml#String"}},{"id":"339a2ff6-b6a6-49b4-9cd4-31d546a24671","eClass":"uml:Property","data":{"name":"record","type":"uml:PrimitiveType pathmap://UML_LIBRARIES/UMLPrimitiveTypes.library.uml#String"}},{"id":"a775c683-342e-48ca-b628-82d349e01212","eClass":"uml:Property","data":{"name":"kind","type":"//InformationKind"}}]}},{"id":"b23f486a-6cce-4749-a758-a573dcd16dd0","eClass":"uml:Stereotype","data":{"name":"IntangibleAsset","generalization":[{"id":"649e0de5-dca0-4da9-9b0f-177a5bcba9bb","eClass":"uml:Generalization","data":{"general":"//Asset"}}],"ownedAttribute":[{"id":"603dc650-7cb2-4a2a-ab8c-46b2b1ae4dff","eClass":"uml:Property","data":{"name":"kind","type":"//IntangibleAssetKind"}},{"id":"3e401d33-d0c2-470b-a700-c686b1a9c1d6","eClass":"uml:Property","data":{"name":"description","type":"uml:PrimitiveType pathmap://UML_LIBRARIES/UMLPrimitiveTypes.library.uml#String"}}]}},{"id":"cab83325-47ca-4b0c-a9b8-b05e2db94ca6","eClass":"uml:Extension","data":{"name":"E_Asset_Class1","memberEnd":["//Asset/base_Class","//E_Asset_Class1/extension_Asset"],"ownedEnd":[{"id":"36e56f90-c360-4e6f-8d28-0eb6a276afc3","eClass":"uml:ExtensionEnd","data":{"name":"extension_Asset","type":"//Asset","aggregation":"composite","association":"//E_Asset_Class1"}}]}},{"id":"fea4d320-66f0-4d40-b0ba-caa1d1d8b7fe","eClass":"uml:Enumeration","data":{"name":"ServiceKind","ownedLiteral":[{"id":"5d219142-54a0-4df0-802e-6ff261f7db6e","eClass":"uml:EnumerationLiteral","data":{"name":"RemotePatientMonitoring","classifier":["//ServiceKind"]}},{"id":"455bc16a-ae72-4bdd-9437-57e1465ed655","eClass":"uml:EnumerationLiteral","data":{"name":"InfusionPump","classifier":["//ServiceKind"]}},{"id":"150b4b43-2ae7-499d-a4ce-f66b8239d925","eClass":"uml:EnumerationLiteral","data":{"name":"StressMonitoring","classifier":["//ServiceKind"]}},{"id":"a34ea2d4-3c77-4c71-ada2-1f215444f17b","eClass":"uml:EnumerationLiteral","data":{"name":"OxigenLevelMonitoring","classifier":["//ServiceKind"]}},{"id":"cd03b151-96c4-4d47-b0ca-1c887a40bda8","eClass":"uml:EnumerationLiteral","data":{"name":"HeartRateMonitoring","classifier":["//ServiceKind"]}},{"id":"e9505fd3-6651-422f-a57a-61cb5308e48e","eClass":"uml:EnumerationLiteral","data":{"name":"GlucoseMonitoring","classifier":["//ServiceKind"]}},{"id":"e40b06e9-f17c-48ad-82d9-d067e7f24741","eClass":"uml:EnumerationLiteral","data":{"name":"ThermometerMonitoring","classifier":["//ServiceKind"]}},{"id":"ff1d9aa6-40eb-4574-ad6c-fe1c4585de88","eClass":"uml:EnumerationLiteral","data":{"name":"DataStorage","classifier":["//ServiceKind"]}},{"id":"9048da8e-5087-498c-887a-f372981420f2","eClass":"uml:EnumerationLiteral","data":{"name":"DataAnalysis","classifier":["//ServiceKind"]}},{"id":"4b98a14a-2dbf-43d8-869a-8e3aea8acf60","eClass":"uml:EnumerationLiteral","data":{"name":"EmergencyResponse","classifier":["//ServiceKind"]}},{"id":"cf416653-c154-4f13-88f4-6855e85e5d2a","eClass":"uml:EnumerationLiteral","data":{"name":"VoiceBasedHealthAssitants","classifier":["//ServiceKind"]}},{"id":"7f109cc9-8c55-4795-8775-bf01fd80d92e","eClass":"uml:EnumerationLiteral","data":{"name":"SurgicalNavigation","classifier":["//ServiceKind"]}},{"id":"f4a0571d-5746-4a93-8510-a78bb146fb49","eClass":"uml:EnumerationLiteral","data":{"name":"MedicalImageAnalysis","classifier":["//ServiceKind"]}},{"id":"61843796-42c5-4433-a01d-8493844fef63","eClass":"uml:EnumerationLiteral","data":{"name":"IoMTCybersecurity","classifier":["//ServiceKind"]}},{"id":"5226b3ec-43fd-4394-b0e6-2d31b68ef325","eClass":"uml:EnumerationLiteral","data":{"name":"Other","classifier":["//ServiceKind"]}}]}},{"id":"10c93b4c-4369-4101-912f-20b69cd145e9","eClass":"uml:Enumeration","data":{"name":"IntangibleAssetKind","ownedLiteral":[{"id":"51c695fd-d8ba-4949-8d16-406d1c14070e","eClass":"uml:EnumerationLiteral","data":{"name":"HospitalReputation","classifier":["//IntangibleAssetKind"]}},{"id":"08755112-05ac-4492-9c73-13348383cdbe","eClass":"uml:EnumerationLiteral","data":{"name":"IoMTBrandEquity","classifier":["//IntangibleAssetKind"]}},{"id":"95cde208-6749-486e-9b8f-219dd965d6a8","eClass":"uml:EnumerationLiteral","data":{"name":"PatientSatisfaction","classifier":["//IntangibleAssetKind"]}},{"id":"797f5abd-64b8-47be-b7f3-dc7a43507989","eClass":"uml:EnumerationLiteral","data":{"name":"DataPrivacySecurityTrust","classifier":["//IntangibleAssetKind"]}},{"id":"9aa1f9fc-b162-4cdb-94a3-9833efd30458","eClass":"uml:EnumerationLiteral","data":{"name":"IntellectualProperty","classifier":["//IntangibleAssetKind"]}},{"id":"999e2171-f2bd-45f3-bce9-9d9eae40aaa1","eClass":"uml:EnumerationLiteral","data":{"name":"Licences","classifier":["//IntangibleAssetKind"]}},{"id":"787446f1-47af-420c-bd56-8e104bc901cf","eClass":"uml:EnumerationLiteral","data":{"name":"Other","classifier":["//IntangibleAssetKind"]}}]}},{"id":"f37a06f7-3552-4fc0-92b7-4cc270bb9f23","eClass":"uml:Enumeration","data":{"name":"InformationKind","ownedLiteral":[{"id":"dfaae12f-a026-47a1-8026-2dc13ea883f1","eClass":"uml:EnumerationLiteral","data":{"name":"PatientPersonalData","classifier":["//InformationKind"]}},{"id":"3b0751da-66f6-4f8d-b0ff-8b5641e76e34","eClass":"uml:EnumerationLiteral","data":{"name":"PatientHealthRecords","classifier":["//InformationKind"]}},{"id":"d2e89774-cc61-453d-a90c-599a45872d0f","eClass":"uml:EnumerationLiteral","data":{"name":"RealTimePatientData","classifier":["//InformationKind"]}},{"id":"4bff66ba-6f40-45dc-8ed2-a8bf6e1be5ea","eClass":"uml:EnumerationLiteral","data":{"name":"InsuranceAndBilling","classifier":["//InformationKind"]}},{"id":"2b37fd55-2d54-4e91-9ae0-1ff488310d4c","eClass":"uml:EnumerationLiteral","data":{"name":"DeviceSensorData","classifier":["//InformationKind"]}},{"id":"f2a587d2-6dc7-4516-98f0-f673bca4b01f","eClass":"uml:EnumerationLiteral","data":{"name":"StaffUserData","classifier":["//InformationKind"]}},{"id":"39765f1c-2fe3-4079-9a12-7e03408aefe0","eClass":"uml:EnumerationLiteral","data":{"name":"ThirdPartyData","classifier":["//InformationKind"]}},{"id":"78f1dc44-9a27-4759-8ba8-b175e5b2b9bf","eClass":"uml:EnumerationLiteral","data":{"name":"Other","classifier":["//InformationKind"]}}]}}]}}]}