{"json":{"version":"1.0","encoding":"utf-8"},"ns":{"ecore":"http://www.eclipse.org/emf/2002/Ecore","uml":"http://www.eclipse.org/uml2/5.0.0/UML"},"content":[{"id":"1a3050f1-9572-44c2-b5e4-07f9238c3e15","eClass":"uml:Profile","data":{"eAnnotations":[{"source":"http://www.eclipse.org/uml2/2.0.0/UML","contents":[{"id":"b1f2c401-40d0-4ef3-b430-5c8cf699cdcc","eClass":"ecore:EPackage","data":{"eAnnotations":[{"source":"PapyrusVersion","details":[{"key":"Version","value":"0.0.4"},{"key":"Comment","value":""},{"key":"Copyright","value":""},{"key":"Date","value":"2024-02-09"},{"key":"Author","value":""}]}],"name":"IoMTComponentCategories","nsURI":"http://IoMTComponentCategories","nsPrefix":"IoMTComponentCategories","eClassifiers":[{"id":"4640c6e9-c884-4acb-9285-63dae4fd57bd","eClass":"ecore:EClass","data":{"eAnnotations":[{"source":"http://www.eclipse.org/uml2/2.0.0/UML","references":["//IoMTcomponent"]}],"name":"IoMTcomponent","eStructuralFeatures":[{"id":"f012e64f-cd02-4031-b1c2-7f5894db1043","eClass":"ecore:EReference","data":{"name":"base_Class","ordered":false,"eType":"ecore:EClass http://www.eclipse.org/uml2/5.0.0/UML#//Class"}},{"id":"2cd9287f-ad23-4105-b610-1e9f352208e9","eClass":"ecore:EAttribute","data":{"name":"supportedFeatures","ordered":false,"upperBound":-1,"eType":"//%http:%2F%2Fwww.eclipse.org%2Fuml2%2F2.0.0%2FUML%/IoMTComponentCategories/ComponentAnnotationKind"}}]}},{"id":"f2d4fd46-e06f-4397-9840-67f846800100","eClass":"ecore:EEnum","data":{"eAnnotations":[{"source":"http://www.eclipse.org/uml2/2.0.0/UML","references":["//ComponentAnnotationKind"]}],"name":"ComponentAnnotationKind","eLiterals":[{"name":"configurationChange"},{"name":"accessPermission","value":1},{"name":"factory","value":2},{"name":"collector","value":3},{"name":"externalSoftware","value":4},{"name":"mutualTrust","value":5},{"name":"minimalFunctionMode","value":6},{"name":"asymetricCryptography","value":7},{"name":"deviceVulnerabilityMitigation","value":8},{"name":"limitedButSafeOperation","value":9},{"name":"failureLogger","value":10},{"name":"dataAuthenticator","value":11},{"name":"certificateWithoutExpireData","value":12},{"name":"uniquePresharedKey","value":13},{"name":"bootSoftware","value":14},{"name":"factoryPasswordGenerator","value":15},{"name":"updateStatusMonitor","value":16},{"name":"remoteAccess","value":17},{"name":"riskControlMeasure","value":18},{"name":"roleBasedAuthentication","value":19},{"name":"dataConverter","value":20},{"name":"randomNumberGenerator","value":21},{"name":"cryptographicKeyGenerator","value":22},{"name":"localAccess","value":23},{"name":"backupData","value":24}]}},{"id":"e101ae76-ef75-45f0-a9ab-effbdd33310e","eClass":"ecore:EClass","data":{"eAnnotations":[{"source":"http://www.eclipse.org/uml2/2.0.0/UML","references":["//IoMTp"]}],"name":"IoMTp","eStructuralFeatures":[{"id":"20346f65-a1e4-4da6-8732-44cff9a3da74","eClass":"ecore:EReference","data":{"name":"base_Property","ordered":false,"eType":"ecore:EClass http://www.eclipse.org/uml2/5.0.0/UML#//Property"}},{"id":"924d855f-f76c-44be-aad3-1219dddf1edd","eClass":"ecore:EAttribute","data":{"name":"supportedFeatures","ordered":false,"lowerBound":1,"eType":"//%http:%2F%2Fwww.eclipse.org%2Fuml2%2F2.0.0%2FUML%/IoMTComponentCategories/PropertyAnnotationKind"}}]}},{"id":"d7f3286a-37e2-4018-8e86-050e07d3b078","eClass":"ecore:EEnum","data":{"eAnnotations":[{"source":"http://www.eclipse.org/uml2/2.0.0/UML","references":["//PropertyAnnotationKind"]}],"name":"PropertyAnnotationKind","eLiterals":[{"name":"cryptographicOperation"},{"name":"strictlyIncreasingFunction","value":1}]}},{"id":"cde12e09-bee7-496e-9276-3b4d16c7e77e","eClass":"ecore:EClass","data":{"eAnnotations":[{"source":"http://www.eclipse.org/uml2/2.0.0/UML","references":["//IoMTpkg"]}],"name":"IoMTpkg","eStructuralFeatures":[{"id":"09feb48a-6952-4cc3-85c8-87beb6048be2","eClass":"ecore:EReference","data":{"name":"base_Package","ordered":false,"eType":"ecore:EClass http://www.eclipse.org/uml2/5.0.0/UML#//Package"}},{"id":"25a4db35-9e5f-4a50-bdc8-d197212a0d07","eClass":"ecore:EAttribute","data":{"name":"supportedFeatures","ordered":false,"lowerBound":1,"eType":"//%http:%2F%2Fwww.eclipse.org%2Fuml2%2F2.0.0%2FUML%/IoMTComponentCategories/PackageAnnotationKind"}}]}},{"id":"7b327bb7-1d44-4a0e-8f0f-a52144a3ecd0","eClass":"ecore:EEnum","data":{"eAnnotations":[{"source":"http://www.eclipse.org/uml2/2.0.0/UML","references":["//PackageAnnotationKind"]}],"name":"PackageAnnotationKind","eLiterals":[{"name":"developmentAndTestEnvironment"},{"name":"documentation","value":1},{"name":"regionAndCulturalNorms","value":2},{"name":"physicalSecurity","value":3},{"name":"securityControl","value":4},{"name":"accessToSourceCode","value":5}]}}]}},{"id":"b44fd452-20b4-446e-94f5-8fa30808e0b6","eClass":"ecore:EPackage","data":{"eAnnotations":[{"source":"PapyrusVersion","details":[{"key":"Version","value":"0.0.3"},{"key":"Comment","value":""},{"key":"Copyright","value":""},{"key":"Date","value":"2024-02-07"},{"key":"Author","value":""}]}],"name":"IoMTComponentCategories","nsURI":"http://IoMTComponentCategories","nsPrefix":"IoMTComponentCategories","eClassifiers":[{"id":"847ed377-9b3d-4506-a9c2-0a5b39ea7439","eClass":"ecore:EClass","data":{"eAnnotations":[{"source":"http://www.eclipse.org/uml2/2.0.0/UML","references":["//IoMTcomponent"]}],"name":"IoMTcomponent","eStructuralFeatures":[{"id":"af7349e7-366a-4333-a9b5-d3d963d8d37f","eClass":"ecore:EReference","data":{"name":"base_Class","ordered":false,"eType":"ecore:EClass http://www.eclipse.org/uml2/5.0.0/UML#//Class"}},{"id":"d8dc450e-bad6-460c-af01-2f52d32a217a","eClass":"ecore:EAttribute","data":{"name":"supportedFeatures","ordered":false,"upperBound":-1,"eType":"//%http:%2F%2Fwww.eclipse.org%2Fuml2%2F2.0.0%2FUML%/IoMTComponentCategories.1/ComponentAnnotationKind"}}]}},{"id":"a5742948-353b-4c62-abf1-3b1d658ed3a6","eClass":"ecore:EEnum","data":{"eAnnotations":[{"source":"http://www.eclipse.org/uml2/2.0.0/UML","references":["//ComponentAnnotationKind"]}],"name":"ComponentAnnotationKind","eLiterals":[{"name":"configurationChange"},{"name":"accessPermission","value":1},{"name":"factory","value":2},{"name":"collector","value":3},{"name":"externalSoftware","value":4},{"name":"mutualTrust","value":5}]}},{"id":"d4d621f4-a0e4-4ca4-9c60-a6537d65a7d7","eClass":"ecore:EClass","data":{"eAnnotations":[{"source":"http://www.eclipse.org/uml2/2.0.0/UML","references":["//IoMTp"]}],"name":"IoMTp","eStructuralFeatures":[{"id":"903a8284-de03-40a1-b8c5-c6a80c24e9e8","eClass":"ecore:EReference","data":{"name":"base_Property","ordered":false,"eType":"ecore:EClass http://www.eclipse.org/uml2/5.0.0/UML#//Property"}},{"id":"eaef4b6f-46c9-4b67-9f9d-5a2239200b2d","eClass":"ecore:EAttribute","data":{"name":"supportedFeatures","ordered":false,"lowerBound":1,"eType":"//%http:%2F%2Fwww.eclipse.org%2Fuml2%2F2.0.0%2FUML%/IoMTComponentCategories.1/PropertyAnnotationKind"}}]}},{"id":"d0028247-8b57-4d03-9aca-e1aec831b66d","eClass":"ecore:EEnum","data":{"eAnnotations":[{"source":"http://www.eclipse.org/uml2/2.0.0/UML","references":["//PropertyAnnotationKind"]}],"name":"PropertyAnnotationKind"}},{"id":"5cd81072-80f9-4d12-b464-13396980afe9","eClass":"ecore:EClass","data":{"eAnnotations":[{"source":"http://www.eclipse.org/uml2/2.0.0/UML","references":["//IoMTpkg"]}],"name":"IoMTpkg","eStructuralFeatures":[{"id":"305948d5-2347-4086-bce4-c33e726e0c55","eClass":"ecore:EReference","data":{"name":"base_Package","ordered":false,"eType":"ecore:EClass http://www.eclipse.org/uml2/5.0.0/UML#//Package"}},{"id":"58d0598d-c2e4-47aa-b679-582c1e3ead54","eClass":"ecore:EAttribute","data":{"name":"supportedFeatures","ordered":false,"lowerBound":1,"eType":"//%http:%2F%2Fwww.eclipse.org%2Fuml2%2F2.0.0%2FUML%/IoMTComponentCategories.1/PackageAnnotationKind"}}]}},{"id":"3545e1fe-0359-4e97-a5d6-43ffee0bb5f1","eClass":"ecore:EEnum","data":{"eAnnotations":[{"source":"http://www.eclipse.org/uml2/2.0.0/UML","references":["//PackageAnnotationKind"]}],"name":"PackageAnnotationKind","eLiterals":[{"name":"developmentAndTestEnvironment"}]}}]}},{"id":"db6c8f05-2b14-4bf0-b7d4-7e5589cde872","eClass":"ecore:EPackage","data":{"eAnnotations":[{"source":"PapyrusVersion","details":[{"key":"Version","value":"0.0.2"},{"key":"Comment","value":""},{"key":"Copyright","value":""},{"key":"Date","value":"2024-02-07"},{"key":"Author","value":""}]}],"name":"IoMTComponentCategories","nsURI":"http://IoMTComponentCategories","nsPrefix":"IoMTComponentCategories","eClassifiers":[{"id":"18b53b81-facf-4de3-b44d-0e82d0c587f6","eClass":"ecore:EClass","data":{"eAnnotations":[{"source":"http://www.eclipse.org/uml2/2.0.0/UML","references":["//IoMTcomponent"]}],"name":"IoMTComponent","eStructuralFeatures":[{"id":"6d8406c0-1ee8-435a-829a-bbf72cb71a3c","eClass":"ecore:EReference","data":{"name":"base_Class","ordered":false,"eType":"ecore:EClass http://www.eclipse.org/uml2/5.0.0/UML#//Class"}},{"id":"b1b76a32-93fc-42ba-bb53-28c759209c88","eClass":"ecore:EAttribute","data":{"name":"supportedFeatures","ordered":false,"upperBound":-1,"eType":"//%http:%2F%2Fwww.eclipse.org%2Fuml2%2F2.0.0%2FUML%/IoMTComponentCategories.2/ComponentAnnotationKind"}}]}},{"id":"b4b6bfcc-a2bc-4837-b870-bf0fea8dfa74","eClass":"ecore:EEnum","data":{"eAnnotations":[{"source":"http://www.eclipse.org/uml2/2.0.0/UML","references":["//ComponentAnnotationKind"]}],"name":"ComponentAnnotationKind","eLiterals":[{"name":"configurationChange"},{"name":"accessPermission","value":1}]}},{"id":"011d252c-9c33-4944-9afb-05181441c4cd","eClass":"ecore:EClass","data":{"eAnnotations":[{"source":"http://www.eclipse.org/uml2/2.0.0/UML","references":["//IoMTp"]}],"name":"IoMTProperty","eStructuralFeatures":[{"id":"d5ee1b3b-a4b9-4b89-a397-6dc1ee3592c9","eClass":"ecore:EReference","data":{"name":"base_Property","ordered":false,"eType":"ecore:EClass http://www.eclipse.org/uml2/5.0.0/UML#//Property"}}]}},{"id":"432f3847-2693-4bcf-9dbd-348df941b3ba","eClass":"ecore:EClass","data":{"eAnnotations":[{"source":"http://www.eclipse.org/uml2/2.0.0/UML","references":["//IoMTpkg"]}],"name":"IoMTpackage","eStructuralFeatures":[{"id":"010d9d08-1257-49f5-be02-feed0b3c98e7","eClass":"ecore:EReference","data":{"name":"base_Package","ordered":false,"eType":"ecore:EClass http://www.eclipse.org/uml2/5.0.0/UML#//Package"}}]}}]}},{"id":"4b54e141-d021-48d7-a4f9-1771bb8d07e5","eClass":"ecore:EPackage","data":{"eAnnotations":[{"source":"PapyrusVersion","details":[{"key":"Version","value":"0.0.1"},{"key":"Comment","value":""},{"key":"Copyright","value":""},{"key":"Date","value":"2024-02-07"},{"key":"Author","value":""}]}],"name":"IoMTComponentCategories","nsURI":"http://IoMTComponentCategories","nsPrefix":"IoMTComponentCategories","eClassifiers":[{"id":"f43e52ed-5d76-4f66-a399-0b57d1a05692","eClass":"ecore:EClass","data":{"eAnnotations":[{"source":"http://www.eclipse.org/uml2/2.0.0/UML","references":["//IoMTcomponent"]}],"name":"AnnotatedCmp","eStructuralFeatures":[{"id":"26d487d3-d60d-41d2-8cf6-f4e5e3b77457","eClass":"ecore:EReference","data":{"name":"base_Class","ordered":false,"eType":"ecore:EClass http://www.eclipse.org/uml2/5.0.0/UML#//Class"}},{"id":"867ba19c-ef08-4e2e-90d1-d1f3c16284c3","eClass":"ecore:EAttribute","data":{"name":"supportedAnnotations","ordered":false,"upperBound":-1,"eType":"//%http:%2F%2Fwww.eclipse.org%2Fuml2%2F2.0.0%2FUML%/IoMTComponentCategories.3/ComponentAnnotationKind"}}]}},{"id":"b2a716b9-e4f5-4fe4-8ab1-8971cd548ebf","eClass":"ecore:EEnum","data":{"eAnnotations":[{"source":"http://www.eclipse.org/uml2/2.0.0/UML","references":["//ComponentAnnotationKind"]}],"name":"ComponentAnnotationKind"}},{"id":"10ff4181-76de-4004-ba9f-1bbb268fe6d2","eClass":"ecore:EClass","data":{"eAnnotations":[{"source":"http://www.eclipse.org/uml2/2.0.0/UML","references":["//IoMTp"]}],"name":"AnnotatedProp","eStructuralFeatures":[{"id":"5a8c117e-daed-4283-9e68-5a9bbb0585bf","eClass":"ecore:EReference","data":{"name":"base_Property","ordered":false,"eType":"ecore:EClass http://www.eclipse.org/uml2/5.0.0/UML#//Property"}}]}},{"id":"0ea69ccf-9a44-4ff3-88f7-c0f936487e5a","eClass":"ecore:EClass","data":{"eAnnotations":[{"source":"http://www.eclipse.org/uml2/2.0.0/UML","references":["//IoMTpkg"]}],"name":"AnnotatedPkg","eStructuralFeatures":[{"id":"2dcde072-d92d-434f-91a1-c3cdbcfdf1a5","eClass":"ecore:EReference","data":{"name":"base_Package","ordered":false,"eType":"ecore:EClass http://www.eclipse.org/uml2/5.0.0/UML#//Package"}}]}}]}}]}],"name":"IoMTComponentCategories","elementImport":[{"id":"899d4685-2d56-4f64-8cff-5a81ef5231be","eClass":"uml:ElementImport","data":{"importedElement":"uml:Class pathmap://UML_METAMODELS/UML.metamodel.uml#Class"}},{"id":"6c53f965-258c-43a9-bc82-e662024ce685","eClass":"uml:ElementImport","data":{"importedElement":"uml:Class pathmap://UML_METAMODELS/UML.metamodel.uml#Property"}},{"id":"a6557f5e-4e93-4060-a6cc-688c76e96c5c","eClass":"uml:ElementImport","data":{"importedElement":"uml:Class pathmap://UML_METAMODELS/UML.metamodel.uml#Package"}}],"URI":"http://IoMTComponentCategories","packagedElement":[{"id":"bc02b191-6335-492c-a75a-768bd5175e91","eClass":"uml:Stereotype","data":{"name":"IoMTcomponent","ownedAttribute":[{"id":"51e6180a-8a77-4568-bfd8-aadced84742f","eClass":"uml:Property","data":{"name":"base_Class","type":"uml:Class pathmap://UML_METAMODELS/UML.metamodel.uml#Class","lowerValue":{"id":"f2b1ceaa-c5b9-4194-8358-9a3cc654eceb","eClass":"uml:LiteralInteger"},"association":"//E_Stereotype1_Class1"}},{"id":"380839d7-0fce-4fae-9a71-ba719ddbd216","eClass":"uml:Property","data":{"name":"supportedFeatures","type":"//ComponentAnnotationKind","lowerValue":{"id":"2dd2d3bc-53f6-4a30-a6e9-00356060438d","eClass":"uml:LiteralInteger","data":{"name":"LiteralInteger1"}},"upperValue":{"id":"958f7d72-f1b2-4c49-b520-882103c821f1","eClass":"uml:LiteralUnlimitedNatural","data":{"name":"LiteralUnlimitedNatural1","value":"*"}}}}]}},{"id":"72cc2369-953c-441c-9c9a-1ed3e5dd3b82","eClass":"uml:Stereotype","data":{"name":"IoMTp","ownedAttribute":[{"id":"16d18e9e-a605-45cb-8d8d-19fe2b67e96f","eClass":"uml:Property","data":{"name":"base_Property","type":"uml:Class pathmap://UML_METAMODELS/UML.metamodel.uml#Property","lowerValue":{"id":"f5f36975-79c6-4181-8a7b-1ef961161a4e","eClass":"uml:LiteralInteger"},"association":"//E_Stereotype2_Property1"}},{"id":"6f2429bf-79e3-4562-9afc-b066d3609006","eClass":"uml:Property","data":{"name":"supportedFeatures","type":"//PropertyAnnotationKind"}}]}},{"id":"1cbf8704-f232-4863-b22b-c6f7f7325cc5","eClass":"uml:Extension","data":{"name":"E_Stereotype1_Class1","memberEnd":["//IoMTcomponent/base_Class","//E_Stereotype1_Class1/extension_Stereotype1"],"ownedEnd":[{"id":"eea250d8-d3e0-4a8f-8c71-d97d41035521","eClass":"uml:ExtensionEnd","data":{"name":"extension_Stereotype1","type":"//IoMTcomponent","aggregation":"composite","association":"//E_Stereotype1_Class1"}}]}},{"id":"8881c764-dd23-4be5-9d7b-02d5ebff38f3","eClass":"uml:Extension","data":{"name":"E_Stereotype2_Property1","memberEnd":["//IoMTp/base_Property","//E_Stereotype2_Property1/extension_Stereotype2"],"ownedEnd":[{"id":"5275ad0f-b215-43b6-bcd3-bb8f61df700a","eClass":"uml:ExtensionEnd","data":{"name":"extension_Stereotype2","type":"//IoMTp","aggregation":"composite","association":"//E_Stereotype2_Property1"}}]}},{"id":"4a4e5c3d-fc25-45f7-a275-ec3d5f96239a","eClass":"uml:Stereotype","data":{"name":"IoMTpkg","ownedAttribute":[{"id":"4549e6a4-2057-4a86-ae20-56c7081ea9ea","eClass":"uml:Property","data":{"name":"base_Package","type":"uml:Class pathmap://UML_METAMODELS/UML.metamodel.uml#Package","lowerValue":{"id":"7c53c5e8-a9b9-40e8-9d78-12d95d86db57","eClass":"uml:LiteralInteger"},"association":"//E_Stereotype3_Package1"}},{"id":"f74bb22b-3cec-4dcb-b75f-21ac457f5813","eClass":"uml:Property","data":{"name":"supportedFeatures","type":"//PackageAnnotationKind"}}]}},{"id":"fcba0f4c-d9b3-4e3b-b16d-05ddf81ed4e3","eClass":"uml:Extension","data":{"name":"E_Stereotype3_Package1","memberEnd":["//IoMTpkg/base_Package","//E_Stereotype3_Package1/extension_Stereotype3"],"ownedEnd":[{"id":"9f6533be-2b06-49f1-86ab-787bec488751","eClass":"uml:ExtensionEnd","data":{"name":"extension_Stereotype3","type":"//IoMTpkg","aggregation":"composite","association":"//E_Stereotype3_Package1"}}]}},{"id":"d8358bc8-56d3-4e20-b992-aae02af72617","eClass":"uml:Enumeration","data":{"name":"ComponentAnnotationKind","ownedLiteral":[{"id":"250a8848-d505-4947-8e55-5818cfb88188","eClass":"uml:EnumerationLiteral","data":{"name":"configurationChange","classifier":["//ComponentAnnotationKind"]}},{"id":"58d839a3-df33-4717-bfdf-3d58127bbf28","eClass":"uml:EnumerationLiteral","data":{"name":"accessPermission","classifier":["//ComponentAnnotationKind"]}},{"id":"dec425fe-f0e7-41ff-9927-113af77ffefd","eClass":"uml:EnumerationLiteral","data":{"name":"factory","classifier":["//ComponentAnnotationKind"]}},{"id":"e0ac4468-42a2-499a-b27c-4f45f5dbdf67","eClass":"uml:EnumerationLiteral","data":{"name":"collector","classifier":["//ComponentAnnotationKind"]}},{"id":"78133321-114e-4a8e-81c8-cc633bd61528","eClass":"uml:EnumerationLiteral","data":{"name":"externalSoftware","classifier":["//ComponentAnnotationKind"]}},{"id":"12b8eb17-74a4-4b1e-9125-149ea5b4344a","eClass":"uml:EnumerationLiteral","data":{"name":"mutualTrust","classifier":["//ComponentAnnotationKind"]}},{"id":"fde0c789-746f-4d39-beea-1b76ddb3c872","eClass":"uml:EnumerationLiteral","data":{"name":"minimalFunctionMode","classifier":["//ComponentAnnotationKind"]}},{"id":"63c590c3-ad20-4abb-9a4e-be6bbe1ee2e3","eClass":"uml:EnumerationLiteral","data":{"name":"asymetricCryptography","classifier":["//ComponentAnnotationKind"]}},{"id":"b3efb4d4-09c1-4adf-b976-84275f527762","eClass":"uml:EnumerationLiteral","data":{"name":"deviceVulnerabilityMitigation","classifier":["//ComponentAnnotationKind"]}},{"id":"a202e4e0-6639-46b7-8ac5-d598f5729c66","eClass":"uml:EnumerationLiteral","data":{"name":"limitedButSafeOperation","classifier":["//ComponentAnnotationKind"]}},{"id":"ea6cc899-22a2-477e-9c01-106fbf50180c","eClass":"uml:EnumerationLiteral","data":{"name":"failureLogger","classifier":["//ComponentAnnotationKind"]}},{"id":"9075360d-9a36-4986-9941-3f65c782bb6c","eClass":"uml:EnumerationLiteral","data":{"name":"dataAuthenticator","classifier":["//ComponentAnnotationKind"]}},{"id":"73766e22-e668-4582-a968-c40db267220b","eClass":"uml:EnumerationLiteral","data":{"name":"certificateWithoutExpireData","classifier":["//ComponentAnnotationKind"]}},{"id":"a133426c-98d0-4c69-99f4-4b4b48a72b5a","eClass":"uml:EnumerationLiteral","data":{"name":"uniquePresharedKey","classifier":["//ComponentAnnotationKind"]}},{"id":"a9358886-991f-42d3-9920-3c84bd22b975","eClass":"uml:EnumerationLiteral","data":{"name":"bootSoftware","classifier":["//ComponentAnnotationKind"]}},{"id":"8a5f1a43-b730-4f5c-b997-21640ab2b57e","eClass":"uml:EnumerationLiteral","data":{"name":"factoryPasswordGenerator","classifier":["//ComponentAnnotationKind"]}},{"id":"1429b3d8-2519-4481-9ff2-69d2931504aa","eClass":"uml:EnumerationLiteral","data":{"name":"updateStatusMonitor","classifier":["//ComponentAnnotationKind"]}},{"id":"c5e51d4f-f237-48ed-a2dc-5dd002f48ef7","eClass":"uml:EnumerationLiteral","data":{"name":"remoteAccess","classifier":["//ComponentAnnotationKind"]}},{"id":"0b06bc95-b172-41aa-b4ce-ef4d52d33867","eClass":"uml:EnumerationLiteral","data":{"name":"riskControlMeasure","classifier":["//ComponentAnnotationKind"]}},{"id":"d1f97a7a-0b5c-4293-a913-b45feb6effe9","eClass":"uml:EnumerationLiteral","data":{"name":"roleBasedAuthentication","classifier":["//ComponentAnnotationKind"]}},{"id":"17981b1b-0fbb-4d40-81ce-b3d1237b444e","eClass":"uml:EnumerationLiteral","data":{"name":"dataConverter","classifier":["//ComponentAnnotationKind"]}},{"id":"9b83c7a0-68e8-4837-96cb-44cded135845","eClass":"uml:EnumerationLiteral","data":{"name":"randomNumberGenerator","classifier":["//ComponentAnnotationKind"]}},{"id":"778297a4-3c39-4022-a785-cdeadb35b937","eClass":"uml:EnumerationLiteral","data":{"name":"cryptographicKeyGenerator","classifier":["//ComponentAnnotationKind"]}},{"id":"096102e5-d615-49c0-9ada-53ea6374e3de","eClass":"uml:EnumerationLiteral","data":{"name":"localAccess","classifier":["//ComponentAnnotationKind"]}},{"id":"1a689f2f-4d6c-4174-8eb3-f14aee2a0f97","eClass":"uml:EnumerationLiteral","data":{"name":"backupData","classifier":["//ComponentAnnotationKind"]}}]}},{"id":"aeec6d2d-f878-4573-89d3-5e1eb6e59968","eClass":"uml:Enumeration","data":{"name":"PropertyAnnotationKind","ownedLiteral":[{"id":"498bce6d-9e4a-408a-8631-6925d0f903cc","eClass":"uml:EnumerationLiteral","data":{"name":"cryptographicOperation","classifier":["//PropertyAnnotationKind"]}},{"id":"8055964d-e567-448f-a493-4779a417359b","eClass":"uml:EnumerationLiteral","data":{"name":"strictlyIncreasingFunction","classifier":["//PropertyAnnotationKind"]}}]}},{"id":"681964a5-3651-48fc-b043-5f97d6aa2dd4","eClass":"uml:Enumeration","data":{"name":"PackageAnnotationKind","ownedLiteral":[{"id":"f9f8b39e-8866-4d1e-b9a2-5b027e46ec87","eClass":"uml:EnumerationLiteral","data":{"name":"developmentAndTestEnvironment","classifier":["//PackageAnnotationKind"]}},{"id":"8327dadf-56e9-43b0-88f7-9e8106c893c9","eClass":"uml:EnumerationLiteral","data":{"name":"documentation","classifier":["//PackageAnnotationKind"]}},{"id":"32d86ec5-e881-42b1-98d5-7e9bd2f47f7c","eClass":"uml:EnumerationLiteral","data":{"name":"regionAndCulturalNorms","classifier":["//PackageAnnotationKind"]}},{"id":"c05574f2-7c7b-454f-bfbe-6492578ec1ed","eClass":"uml:EnumerationLiteral","data":{"name":"physicalSecurity","classifier":["//PackageAnnotationKind"]}},{"id":"46cd2391-e8a2-41e6-be36-c1b13551453f","eClass":"uml:EnumerationLiteral","data":{"name":"securityControl","classifier":["//PackageAnnotationKind"]}},{"id":"85e8bd28-bb98-4c31-9e64-a206473d6382","eClass":"uml:EnumerationLiteral","data":{"name":"accessToSourceCode","classifier":["//PackageAnnotationKind"]}}]}}]}}]}